Palavra,Descoberta,Letras passadas,Tamanho,Letras diferentes,Num de letras faltando,Letras faltando,Percentual letras diferentes descobertas
manobra,"['m', 'a', 'n', '_', '_', 'r', 'a']","['a', 'r', 'c', 't', 'l', 'n', 'm', 'e', 'd']",7,4,2,"['b', 'o']",0.3333333333333333
zurrarei,"['_', '_', 'r', 'r', 'a', 'r', 'e', 'i']","['a', 'r', 'e', 's', 'i', 'o', 'b', 'c', 'f']",8,4,2,"['z', 'u']",0.3333333333333333
lavei,"['_', 'a', 'v', 'e', 'i']","['a', 's', 'r', 'm', 'i', 'e', 'c', 'v', 'h']",5,4,1,['l'],0.2
uivem,"['_', 'i', '_', 'e', 'm']","['a', 'e', 'm', 'o', 'r', 'i', 't', 'l']",5,3,2,"['u', 'v']",0.4
azules,"['a', '_', 'u', 'l', 'e', 's']","['a', 'e', 'i', 's', 'r', 'u', 'd', 'c', 'l', 'n']",6,5,1,['z'],0.16666666666666666
insularam,"['i', 'n', '_', '_', '_', 'a', 'r', 'a', 'm']","['a', 'r', 'e', 'o', 'm', 'i', 'n', 'c', 'd', 'f']",9,5,3,"['l', 'u', 's']",0.375
afixe,"['a', 'f', 'i', '_', 'e']","['a', 'e', 'i', 't', 'l', 'm', 'v', 'f', 'n']",5,4,1,['x'],0.2
iene,"['_', 'e', '_', 'e']","['a', 'o', 'e', 'l', 'd', 'r']",4,1,2,"['i', 'n']",0.6666666666666666
garota,"['_', 'a', 'r', 'o', '_', 'a']","['a', 'r', 'i', 'e', 'p', 'o', 'c', 'f']",6,3,2,"['t', 'g']",0.4
piada,"['_', '_', 'a', 'd', 'a']","['a', 'r', 'c', 'd', 'e', 't', 's']",5,2,2,"['p', 'i']",0.5
fumegaste,"['_', '_', '_', 'e', '_', 'a', 's', 't', 'e']","['a', 'r', 's', 'e', 't', 'n', 'l', 'c', 'j']",9,4,4,"['f', 'u', 'm', 'g']",0.5
jazo,"['_', 'a', '_', 'o']","['a', 'o', 'c', 't', 'r', 'g', 'n']",4,2,2,"['z', 'j']",0.5
anexai,"['a', '_', '_', '_', 'a', 'i']","['a', 'i', 'l', 't', 'r', 'f', 's']",6,2,3,"['x', 'n', 'e']",0.6
apalpado,"['a', '_', 'a', '_', '_', 'a', 'd', 'o']","['a', 'r', 's', 'o', 'm', 'd', 'h', 'i']",8,3,3,"['l', 'p']",0.4
espumo,"['e', 's', '_', 'u', '_', 'o']","['a', 'e', 'o', 's', 't', 'c', 'r', 'u', 'i']",6,4,2,"['m', 'p']",0.3333333333333333
injetadas,"['_', 'n', '_', 'e', '_', 'a', 'd', 'a', 's']","['a', 'r', 's', 'v', 'd', 'e', 'l', 'c', 'n', 'f']",9,5,3,"['j', 't', 'i']",0.375
agua,"['a', '_', '_', 'a']","['a', 'r', 'l', 'i', 't', 's']",4,1,2,"['u', 'g']",0.6666666666666666
despejo,"['d', 'e', 's', 'p', 'e', '_', 'o']","['a', 'e', 'i', 'o', 'm', 'r', 's', 'd', 'p', 'c']",7,5,1,['j'],0.16666666666666666
manjavas,"['m', 'a', 'n', '_', 'a', 'v', 'a', 's']","['a', 'r', 's', 'v', 'c', 't', 'l', 'n', 'm', 'd']",8,5,1,['j'],0.16666666666666666
bitolamo,"['_', '_', '_', 'o', '_', 'a', 'm', 'o']","['a', 'o', 'm', 'e', 'r', 'c', 's', 'g']",8,3,4,"['l', 'b', 't', 'i']",0.5714285714285714
repuxarias,"['r', 'e', '_', '_', '_', 'a', 'r', 'i', 'a', 's']","['a', 'r', 'e', 'i', 's', 'l', 't', 'c', 'v', 'f']",10,5,3,"['u', 'p', 'x']",0.375
borbulhamo,"['b', 'o', 'r', 'b', 'u', 'l', 'h', 'a', '_', 'o']","['a', 'i', 'e', 'o', 'c', 's', 'b', 'r', 'u', 'l', 'h', 'd']",10,7,1,['m'],0.125
decolam,"['d', 'e', '_', '_', '_', 'a', 'm']","['a', 'r', 's', 'i', 'm', 'e', 'v', 'd', 't']",7,4,3,"['l', 'c', 'o']",0.42857142857142855
bobeamos,"['_', 'o', '_', '_', 'a', 'm', 'o', 's']","['a', 'r', 's', 'o', 'm', 'l', 'c', 'p', 'v']",8,4,3,"['b', 'e']",0.3333333333333333
trino,"['t', 'r', 'i', '_', 'o']","['a', 'e', 'o', 'i', 'r', 't', 'b', 'c', 'g']",5,4,1,['n'],0.2
miudo,"['_', 'i', '_', '_', 'o']","['a', 'e', 'o', 'i', 'n', 's', 'l']",5,2,3,"['d', 'm', 'u']",0.6
palhaco,"['_', 'a', '_', '_', 'a', '_', 'o']","['a', 'r', 's', 'o', 'm', 'd', 'n']",7,2,4,"['l', 'c', 'p', 'h']",0.6666666666666666
englobei,"['e', 'n', '_', '_', '_', '_', 'e', 'i']","['a', 'e', 's', 'i', 'r', 'n', 'u', 't']",8,3,4,"['l', 'b', 'o', 'g']",0.5714285714285714
alvejados,"['a', '_', '_', '_', '_', 'a', 'd', 'o', 's']","['a', 'r', 's', 'o', 'm', 'd', 'n', 't', 'i']",9,4,4,"['l', 'v', 'j', 'e']",0.5
solapa,"['_', '_', '_', 'a', '_', 'a']","['a', 'r', 'v', 'd', 'c', 'n']",6,1,4,"['l', 's', 'p', 'o']",0.8
andar,"['a', '_', '_', 'a', 'r']","['a', 's', 'r', 'c', 'i', 't', 'm']",5,2,2,"['d', 'n']",0.5
salvamos,"['s', 'a', 'l', '_', 'a', 'm', 'o', 's']","['a', 'r', 's', 'd', 'm', 'o', 'b', 'l', 'g', 't']",8,5,1,['v'],0.16666666666666666
chupassemos,"['c', 'h', '_', '_', 'a', 's', 's', 'e', 'm', 'o', 's']","['a', 's', 'e', 'o', 'm', 'r', 'i', 'l', 'n', 'c', 'h', 'g']",11,7,2,"['u', 'p']",0.2222222222222222
falhava,"['_', 'a', 'l', '_', 'a', 'v', 'a']","['a', 'r', 'v', 's', 't', 'n', 'l', 'c']",7,3,2,"['f', 'h']",0.4
sete,"['_', 'e', '_', 'e']","['a', 'o', 'e', 'l', 'd', 'r']",4,1,2,"['s', 't']",0.6666666666666666
fixasse,"['f', 'i', '_', 'a', 's', 's', 'e']","['a', 'r', 's', 'e', 'c', 'i', 'l', 'm', 'f', 't']",7,5,1,['x'],0.16666666666666666
brocares,"['_', 'r', '_', '_', 'a', 'r', 'e', 's']","['a', 'r', 'e', 'i', 'm', 's', 't', 'p', 'd']",8,4,3,"['b', 'c', 'o']",0.42857142857142855
lutador,"['l', '_', '_', 'a', 'd', 'o', 'r']","['a', 'r', 'e', 'o', 'd', 'm', 'i', 'c', 'l', 'v']",7,5,2,"['u', 't']",0.2857142857142857
divagues,"['_', 'i', '_', 'a', '_', '_', 'e', 's']","['a', 's', 'e', 'r', 't', 'c', 'i', 'l', 'm']",8,4,4,"['d', 'u', 'v', 'g']",0.5
deputados,"['d', 'e', '_', '_', 't', 'a', 'd', 'o', 's']","['a', 'r', 's', 'o', 'm', 'd', 'e', 't', 'b', 'c', 'l']",9,6,2,"['u', 'p']",0.25
entupido,"['e', '_', '_', '_', '_', 'i', 'd', 'o']","['a', 'e', 's', 'o', 'i', 'd', 'l', 'm', 'x']",8,4,4,"['u', 't', 'p', 'n']",0.5
atapeto,"['a', '_', 'a', '_', '_', '_', 'o']","['a', 'r', 'i', 'm', 's', 'o', 'd']",7,2,4,"['t', 'p', 'e']",0.6
tocado,"['_', 'o', 'c', 'a', 'd', 'o']","['a', 'o', 'm', 'd', 'c', 'b', 'f', 'l', 'r']",6,4,1,['t'],0.2
azafama,"['a', '_', 'a', '_', 'a', '_', 'a']","['a', 'r', 'v', 'd', 'c', 't']",7,1,3,"['z', 'm', 'f']",0.75
canoras,"['c', 'a', '_', '_', 'r', 'a', 's']","['a', 's', 'r', 'c', 'b', 'm', 't', 'g', 'i']",7,4,2,"['n', 'o']",0.3333333333333333
quedas,"['_', '_', 'e', 'd', 'a', 's']","['a', 's', 'r', 'i', 'e', 'l', 'c', 'd', 'z']",6,4,2,"['u', 'q']",0.3333333333333333
formula,"['f', 'o', 'r', 'm', '_', '_', 'a']","['a', 'r', 'i', 'e', 'o', 'f', 'm', 'd', 't', 'v']",7,5,2,"['l', 'u']",0.2857142857142857
produzirem,"['p', 'r', '_', '_', '_', '_', 'i', 'r', 'e', 'm']","['a', 'e', 's', 'i', 'r', 'p', 'm', 'f', 't', 'v']",10,5,4,"['d', 'u', 'z', 'o']",0.4444444444444444
lutarem,"['_', 'u', '_', 'a', 'r', 'e', 'm']","['a', 'r', 'e', 'i', 's', 'm', 'o', 'u', 'f', 'd']",7,5,2,"['l', 't']",0.2857142857142857
falara,"['_', 'a', '_', 'a', 'r', 'a']","['a', 'r', 'c', 'v', 'p', 'n', 'b']",6,2,2,"['f', 'l']",0.5
genuflexao,"['_', '_', '_', '_', '_', '_', '_', '_', 'a', '_']","['a', 'r', 's', 'i', 'm', 'c']",10,1,9,"['l', 'n', 'o', 'x', 'g', 'f', 'u', 'e']",0.8888888888888888
pecai,"['_', 'e', 'c', 'a', 'i']","['a', 's', 'r', 'i', 'c', 'o', 'l', 'e', 'd']",5,4,1,['p'],0.2
relvas,"['r', 'e', '_', '_', 'a', 's']","['a', 's', 'r', 'e', 'i', 'u', 't', 'o', 'd']",6,4,2,"['l', 'v']",0.3333333333333333
mofa,"['m', 'o', '_', 'a']","['a', 'r', 'o', 'c', 't', 's', 'm', 'd']",4,3,1,['f'],0.25
fixadas,"['_', '_', '_', 'a', 'd', 'a', 's']","['a', 'r', 's', 'v', 'd', 'c', 'o', 'e']",7,3,3,"['f', 'i', 'x']",0.5
ogivas,"['_', '_', 'i', '_', 'a', 's']","['a', 's', 'r', 'i', 't', 'c', 'd', 'x']",6,3,3,"['v', 'g', 'o']",0.5
eufonia,"['e', 'u', '_', 'o', '_', 'i', 'a']","['a', 'r', 'i', 'e', 'o', 's', 'l', 't', 'u', 'd']",7,5,2,"['f', 'n']",0.2857142857142857
mede,"['_', 'e', 'd', 'e']","['a', 'o', 'e', 'l', 'd', 'c', 'f']",4,2,1,['m'],0.3333333333333333
perfis,"['_', 'e', 'r', '_', 'i', 's']","['a', 'e', 'r', 's', 'o', 'i', 'v', 'z', 'c']",6,4,2,"['f', 'p']",0.3333333333333333
permutou,"['p', 'e', 'r', '_', 'u', '_', 'o', 'u']","['a', 'e', 'r', 'i', 'o', 's', 'u', 'p', 'f', 'd']",8,5,2,"['m', 't']",0.2857142857142857
bundais,"['_', '_', '_', '_', 'a', 'i', 's']","['a', 'o', 'r', 'i', 's', 'e', 'c', 'l']",7,3,4,"['d', 'b', 'u', 'n']",0.5714285714285714
minerais,"['_', 'i', '_', '_', 'r', 'a', 'i', 's']","['a', 'o', 'i', 's', 'd', 't', 'l', 'r', 'g']",8,4,3,"['m', 'n', 'e']",0.42857142857142855
borbulhes,"['_', 'o', 'r', '_', '_', '_', '_', 'e', 's']","['a', 'e', 's', 'r', 'i', 't', 'o', 'c', 'd']",9,4,5,"['l', 'b', 'h', 'u']",0.5
boiamo,"['_', 'o', '_', 'a', 'm', 'o']","['a', 'o', 'm', 'c', 't', 'd', 'g', 's']",6,3,2,"['b', 'i']",0.4
pichar,"['_', 'i', 'c', 'h', 'a', 'r']","['a', 's', 'r', 'i', 'l', 'n', 'v', 'c', 'h', 'f']",6,5,1,['p'],0.16666666666666666
ditaremo,"['_', 'i', '_', 'a', 'r', 'e', 'm', 'o']","['a', 's', 'e', 'r', 'o', 'm', 'c', 'i', 'f', 'l', 'n']",8,6,2,"['d', 't']",0.25
vazaramos,"['v', 'a', '_', 'a', 'r', 'a', 'm', 'o', 's']","['a', 's', 'm', 'o', 'r', 'c', 'p', 'n', 'v', 'g', 'i']",9,6,1,['z'],0.14285714285714285
pegada,"['_', 'e', 'g', 'a', 'd', 'a']","['a', 'r', 'v', 'd', 'c', 'o', 'e', 'g', 'l']",6,4,1,['p'],0.2
fatigou,"['_', 'a', '_', 'i', '_', '_', '_']","['a', 's', 'r', 'm', 'c', 'i', 'n']",7,2,5,"['t', 'o', 'g', 'f', 'u']",0.7142857142857143
laudas,"['l', 'a', '_', '_', 'a', 's']","['a', 's', 'r', 'c', 'i', 'n', 'l', 'g']",6,3,2,"['d', 'u']",0.4
lerdas,"['_', 'e', 'r', 'd', 'a', 's']","['a', 's', 'r', 'o', 'e', 'c', 'v', 'i', 'd', 'h']",6,5,1,['l'],0.16666666666666666
dezoito,"['d', 'e', '_', 'o', '_', '_', 'o']","['a', 'e', 'r', 's', 'd', 'o', 'n', 'c']",7,3,3,"['z', 't', 'i']",0.5
sonhei,"['s', 'o', 'n', '_', 'e', 'i']","['a', 'e', 's', 'r', 'i', 'u', 'o', 'l', 'n', 'd']",6,5,1,['h'],0.16666666666666666
logrardes,"['_', 'o', '_', 'r', 'a', 'r', 'd', 'e', 's']","['a', 's', 'e', 'r', 'd', 'o', 'b', 'u', 'f', 'h', 'j']",9,6,2,"['l', 'g']",0.25
cunhemo,"['_', 'u', '_', '_', 'e', 'm', 'o']","['a', 'e', 'o', 'm', 'r', 'i', 'u', 'd', 's']",7,4,3,"['c', 'h', 'n']",0.42857142857142855
vejamos,"['v', 'e', '_', 'a', 'm', 'o', 's']","['a', 'r', 's', 'o', 'm', 'i', 'e', 'l', 'c', 'v', 'd']",7,6,1,['j'],0.14285714285714285
batavo,"['b', 'a', '_', 'a', '_', 'o']","['a', 'c', 'r', 'o', 'm', 'd', 'b', 'i']",6,3,2,"['t', 'v']",0.4
rugavas,"['r', '_', '_', 'a', 'v', 'a', 's']","['a', 'r', 'm', 's', 'd', 'e', 'v', 'o', 'i']",7,4,2,"['u', 'g']",0.3333333333333333
baleiam,"['_', 'a', '_', 'e', 'i', 'a', 'm']","['a', 's', 'r', 'm', 'v', 'i', 'e', 'p', 't']",7,4,2,"['l', 'b']",0.3333333333333333
monte,"['_', 'o', 'n', '_', 'e']","['a', 'e', 'r', 'i', 'o', 's', 'n', 'd']",5,3,2,"['m', 't']",0.4
fobia,"['_', '_', '_', 'i', 'a']","['a', 'r', 'i', 'e', 'u', 'c', 'l']",5,2,3,"['f', 'b', 'o']",0.6
peruana,"['_', 'e', 'r', '_', 'a', '_', 'a']","['a', 'r', 'v', 'd', 'c', 'f', 'e', 's']",7,3,3,"['u', 'p', 'n']",0.5
advens,"['a', '_', '_', 'e', '_', '_']","['a', 'e', 'i', 'r', 'o', 'l', 'c']",6,2,4,"['d', 's', 'v', 'n']",0.6666666666666666
adocicam,"['a', '_', '_', '_', 'i', '_', 'a', 'm']","['a', 'r', 's', 'm', 'v', 'i', 'n', 'l']",8,3,4,"['d', 'c', 'o']",0.5
fucava,"['_', '_', 'c', 'a', 'v', 'a']","['a', 'r', 'v', 'c', 'o', 'i', 'e', 'l']",6,3,2,"['f', 'u']",0.4
pilhariamos,"['_', 'i', '_', '_', 'a', 'r', 'i', 'a', 'm', 'o', 's']","['a', 's', 'r', 'i', 'm', 'o', 'c', 'v', 'g', 't', 'f']",11,6,3,"['l', 'p', 'h']",0.3333333333333333
refoguei,"['r', 'e', '_', 'o', '_', '_', 'e', 'i']","['a', 'e', 'r', 's', 'i', 'o', 'c', 't', 'v']",8,4,3,"['f', 'u', 'g']",0.42857142857142855
viajo,"['_', '_', 'a', '_', 'o']","['a', 'o', 'r', 'm', 'd', 't', 'c']",5,2,3,"['v', 'i', 'j']",0.6
gatuna,"['_', 'a', 't', '_', '_', 'a']","['a', 'r', 'c', 't', 'i', 'p', 'b']",6,2,3,"['u', 'n', 'g']",0.6
chutai,"['_', '_', '_', '_', 'a', 'i']","['a', 's', 'r', 'i', 'e', 'n', 'l']",6,2,4,"['u', 'c', 't', 'h']",0.6666666666666666
curvou,"['_', 'u', 'r', '_', 'o', 'u']","['a', 'e', 'o', 's', 'u', 'r', 't', 'b']",6,3,2,"['c', 'v']",0.4
gamadas,"['_', 'a', '_', 'a', 'd', 'a', 's']","['a', 's', 'r', 'v', 'c', 't', 'd', 'l']",7,3,2,"['m', 'g']",0.4
ultimas,"['_', '_', 't', 'i', '_', 'a', 's']","['a', 'r', 's', 'i', 'c', 'd', 't', 'v', 'n']",7,4,3,"['l', 'u', 'm']",0.42857142857142855
oxidaria,"['_', '_', 'i', '_', 'a', 'r', 'i', 'a']","['a', 'r', 'i', 't', 'e', 'v', 'l', 'm']",8,3,3,"['d', 'x', 'o']",0.5
talos,"['_', 'a', '_', 'o', 's']","['a', 's', 'e', 'o', 'c', 'g', 'r', 'd']",5,3,2,"['l', 't']",0.4
emplaca,"['_', '_', '_', '_', 'a', 'c', 'a']","['a', 'r', 'v', 'd', 'n', 'c', 'h']",7,2,4,"['l', 'm', 'p', 'e']",0.6666666666666666
vendei,"['_', 'e', 'n', 'd', 'e', 'i']","['a', 'e', 's', 'r', 'i', 'n', 'd', 'f', 'p']",6,4,1,['v'],0.2
senado,"['_', 'e', '_', 'a', 'd', 'o']","['a', 'o', 'm', 'd', 'c', 'r', 'i', 'e', 'l']",6,4,2,"['s', 'n']",0.3333333333333333
contate,"['_', 'o', '_', '_', 'a', '_', '_']","['a', 'o', 'r', 's', 'm', 'd', 'v']",7,2,5,"['c', 't', 'n', 'e']",0.6666666666666666
grelheis,"['_', 'r', 'e', '_', '_', 'e', 'i', 's']","['a', 'e', 'i', 's', 'r', 'p', 'c', 'm', 'b']",8,4,3,"['l', 'h', 'g']",0.42857142857142855
logravam,"['_', 'o', '_', 'r', 'a', 'v', 'a', 'm']","['a', 'r', 's', 'o', 'm', 'v', 'b', 'd', 'f', 'h']",8,5,2,"['l', 'g']",0.2857142857142857
ninavam,"['_', 'i', '_', 'a', 'v', 'a', 'm']","['a', 'r', 's', 'm', 'v', 'c', 'i', 'l', 'f']",7,4,2,['n'],0.2
navegai,"['_', 'a', '_', '_', '_', 'a', 'i']","['a', 's', 'r', 'm', 'i', 'c', 'b']",7,2,4,"['v', 'g', 'n', 'e']",0.6666666666666666
inovaramos,"['_', '_', 'o', '_', 'a', 'r', 'a', 'm', 'o', 's']","['a', 'r', 's', 'o', 'm', 'c', 'l', 't', 'f', 'p']",10,5,3,"['v', 'i', 'n']",0.375
pontifiqueis,"['_', '_', '_', 't', 'i', 'f', 'i', 'q', 'u', 'e', 'i', 's']","['a', 'e', 'i', 's', 'r', 'u', 'f', 'q', 't', 'b', 'j', 'm']",12,7,3,"['p', 'n', 'o']",0.3
voltaria,"['_', 'o', '_', 't', 'a', 'r', 'i', 'a']","['a', 'r', 'i', 'e', 'o', 't', 's', 'n', 'b', 'c']",8,5,2,"['l', 'v']",0.2857142857142857
vaso,"['_', 'a', '_', 'o']","['a', 'o', 'c', 't', 'r', 'g', 'n']",4,2,2,"['s', 'v']",0.5
azedam,"['a', '_', '_', '_', 'a', 'm']","['a', 'i', 'r', 's', 'm', 'l', 'f']",6,2,3,"['z', 'd', 'e']",0.6
pulsara,"['_', 'u', 'l', '_', 'a', 'r', 'a']","['a', 'r', 'i', 'e', 'o', 'u', 't', 'l', 'c']",7,4,2,"['s', 'p']",0.3333333333333333
atual,"['a', '_', 'u', 'a', 'l']","['a', 's', 'r', 'i', 'm', 'u', 'l', 'n']",5,3,1,['t'],0.25
pavio,"['_', 'a', 'v', 'i', '_']","['a', 's', 'r', 'm', 'i', 'v', 'c', 'd']",5,3,2,"['p', 'o']",0.4
fofoque,"['_', '_', '_', '_', '_', '_', 'e']","['a', 'e', 'r', 'i', 's', 'n']",7,1,6,"['f', 'u', 'q', 'o']",0.8
tem,"['_', 'e', 'm']","['a', 'o', 'e', 'm', 'b', 'c', 'h']",3,2,1,['t'],0.3333333333333333
capam,"['c', 'a', '_', 'a', 'm']","['a', 's', 'r', 'm', 'c', 'g', 'i', 'l']",5,3,1,['p'],0.25
vexes,"['_', 'e', '_', 'e', 's']","['a', 'e', 'm', 's', 'l', 'r', 'd']",5,2,2,"['v', 'x']",0.5
multavas,"['_', '_', 'l', 't', 'a', 'v', 'a', 's']","['a', 'r', 's', 'v', 'i', 'e', 'l', 't', 'o', 'f']",8,5,2,"['m', 'u']",0.2857142857142857
vetar,"['v', 'e', '_', 'a', 'r']","['a', 's', 'r', 'i', 'o', 'e', 'g', 'v', 'd']",5,4,1,['t'],0.2
azedarei,"['a', '_', 'e', '_', 'a', 'r', 'e', 'i']","['a', 'r', 'e', 'n', 'i', 'l', 'f', 'p', 'j']",8,4,2,"['z', 'd']",0.3333333333333333
exito,"['e', '_', 'i', 't', 'o']","['a', 'e', 'o', 'i', 't', 'g', 'd', 'm', 'v']",5,4,1,['x'],0.2
obtida,"['_', '_', 't', 'i', '_', 'a']","['a', 'r', 'i', 'c', 't', 'v', 'n', 'm']",6,3,3,"['d', 'b', 'o']",0.5
azeita,"['a', '_', 'e', 'i', 't', 'a']","['a', 'r', 'i', 't', 'e', 'c', 'f', 'j', 'l']",6,4,1,['z'],0.2
adubarieis,"['a', '_', '_', '_', 'a', 'r', 'i', 'e', 'i', 's']","['a', 's', 'i', 'e', 'r', 'l', 't', 'f', 'p', 'n']",10,5,3,"['d', 'u', 'b']",0.375
cambias,"['c', 'a', '_', '_', '_', 'a', 's']","['a', 's', 'r', 'c', 'l', 'v', 'n', 'd']",7,3,3,"['m', 'b', 'i']",0.5
batia,"['_', 'a', '_', 'i', 'a']","['a', 'r', 'c', 'l', 'n', 'i', 'v']",5,2,2,"['b', 't']",0.5
lajeado,"['_', 'a', '_', '_', 'a', 'd', 'o']","['a', 'r', 's', 'o', 'm', 'd', 't', 'c']",7,3,3,"['l', 'j', 'e']",0.5
sampaio,"['s', 'a', '_', '_', 'a', 'i', '_']","['a', 'r', 's', 'd', 'i', 'l', 'b', 'c']",7,3,3,"['m', 'p', 'o']",0.5
extremes,"['e', '_', 't', 'r', 'e', '_', 'e', 's']","['a', 'e', 'r', 's', 't', 'n', 'i', 'l', 'p']",8,4,2,"['m', 'x']",0.3333333333333333
papemo,"['_', 'a', '_', 'e', 'm', 'o']","['a', 's', 'r', 'o', 'c', 'm', 'e', 'b', 'v']",6,4,2,['p'],0.2
lembrar,"['_', 'e', '_', '_', 'r', 'a', 'r']","['a', 'r', 'e', 'd', 'n', 'g', 'p', 'i']",7,3,3,"['l', 'm', 'b']",0.5
afadigue,"['a', '_', 'a', '_', '_', '_', '_', 'e']","['a', 'r', 's', 'o', 'v', 'e', 'n']",8,2,5,"['d', 'g', 'f', 'u', 'i']",0.7142857142857143
cotizavam,"['_', '_', 't', 'i', 'z', 'a', 'v', 'a', 'm']","['a', 'r', 's', 'm', 'v', 'e', 'i', 't', 'g', 'z', 'b']",9,6,2,"['c', 'o']",0.25
aguco,"['a', '_', 'u', '_', 'o']","['a', 'e', 'o', 'i', 'u', 'd', 'l', 's']",5,3,2,"['c', 'g']",0.4
texugo,"['_', 'e', '_', '_', '_', 'o']","['a', 'e', 'r', 's', 'o', 'd', 'm']",6,2,4,"['u', 't', 'x', 'g']",0.6666666666666666
tocam,"['_', 'o', 'c', 'a', 'm']","['a', 's', 'r', 'i', 'm', 'c', 'o', 'f', 'l']",5,4,1,['t'],0.2
aliquotas,"['a', '_', 'i', '_', '_', '_', '_', 'a', 's']","['a', 'r', 's', 'i', 'v', 'n', 'c', 'd']",9,3,5,"['q', 't', 'o', 'l', 'u']",0.625
alguma,"['a', 'l', '_', '_', '_', 'a']","['a', 'r', 'i', 'e', 'l', 'c', 'f']",6,2,3,"['u', 'm', 'g']",0.6
combata,"['c', '_', '_', 'b', 'a', 't', 'a']","['a', 'r', 'v', 'd', 'n', 'c', 't', 'b', 'h']",7,4,2,"['m', 'o']",0.3333333333333333
sustamo,"['_', '_', '_', '_', 'a', 'm', 'o']","['a', 'o', 'm', 'r', 'i', 'e', 'l', 'c']",7,3,4,"['u', 's', 't']",0.5
taca,"['_', 'a', 'c', 'a']","['a', 'c', 'f', 'j', 'l', 'm', 'r']",4,2,1,['t'],0.3333333333333333
flutuam,"['_', '_', '_', '_', '_', 'a', 'm']","['a', 'r', 's', 'i', 'm', 'e', 'v']",7,2,5,"['f', 'u', 't', 'l']",0.6666666666666666
orlam,"['_', 'r', '_', 'a', 'm']","['a', 's', 'r', 'm', 'u', 'c', 'e', 'i']",5,3,2,"['l', 'o']",0.4
vaguemo,"['_', 'a', '_', '_', 'e', 'm', 'o']","['a', 's', 'r', 'm', 'o', 'e', 't', 'c', 'n']",7,4,3,"['u', 'v', 'g']",0.42857142857142855
puxaramos,"['_', 'u', '_', 'a', 'r', 'a', 'm', 'o', 's']","['a', 's', 'o', 'm', 'r', 'c', 'i', 'e', 'u', 'f', 'd']",9,6,2,"['p', 'x']",0.25
lutardes,"['_', 'u', '_', 'a', 'r', 'd', 'e', 's']","['a', 's', 'e', 'r', 'd', 'o', 'i', 'u', 'f', 'm', 'j']",8,6,2,"['l', 't']",0.25
murchas,"['_', 'u', 'r', '_', '_', 'a', 's']","['a', 'r', 'i', 's', 'e', 'o', 'u', 'd', 'v']",7,4,3,"['m', 'c', 'h']",0.42857142857142855
papo,"['_', 'a', '_', 'o']","['a', 'o', 'c', 't', 'r', 'g', 'n']",4,2,2,['p'],0.3333333333333333
liguem,"['_', 'i', '_', '_', 'e', 'm']","['a', 'e', 's', 'i', 'm', 'v', 'f', 'p']",6,3,3,"['l', 'u', 'g']",0.5
aclamou,"['a', 'c', 'l', 'a', 'm', '_', '_']","['a', 'r', 's', 'n', 'm', 'c', 'l', 'i', 'e']",7,4,2,"['u', 'o']",0.3333333333333333
calota,"['c', 'a', 'l', '_', '_', 'a']","['a', 'r', 'c', 'l', 'd', 'v', 'e', 'i']",6,3,2,"['t', 'o']",0.4
multem,"['m', '_', '_', 't', 'e', 'm']","['a', 'e', 's', 'i', 'm', 'o', 't', 'n']",6,3,2,"['l', 'u']",0.4
adoecam,"['a', '_', '_', '_', '_', 'a', 'm']","['a', 'r', 'i', 's', 'm', 'n', 'l']",7,2,4,"['d', 'c', 'e', 'o']",0.6666666666666666
voltar,"['_', 'o', '_', 't', 'a', 'r']","['a', 's', 'r', 'i', 'e', 'o', 't', 'c', 'm']",6,4,2,"['l', 'v']",0.3333333333333333
pombo,"['_', 'o', '_', '_', 'o']","['a', 'e', 'o', 'r', 's', 'l']",5,1,3,"['b', 'm', 'p']",0.75
fumam,"['_', '_', 'm', 'a', 'm']","['a', 's', 'r', 'i', 'm', 'o', 'e']",5,2,2,"['f', 'u']",0.5
pecando,"['_', '_', 'c', 'a', 'n', 'd', 'o']","['a', 'r', 's', 'n', 'o', 'd', 'c', 'l', 'i', 'f']",7,5,2,"['p', 'e']",0.2857142857142857
encampou,"['e', 'n', 'c', 'a', '_', '_', 'o', 'u']","['a', 's', 'e', 'n', 'c', 'i', 'r', 'o', 'u', 'd', 'l']",8,6,2,"['m', 'p']",0.25
picavam,"['_', 'i', 'c', 'a', 'v', 'a', 'm']","['a', 'r', 's', 'm', 'v', 'c', 'o', 'i', 'b', 'f']",7,5,1,['p'],0.16666666666666666
perfiz,"['_', 'e', 'r', '_', 'i', '_']","['a', 'e', 'r', 's', 'o', 'i', 'l', 'n']",6,3,3,"['f', 'z', 'p']",0.5
zanzarmos,"['_', 'a', '_', '_', 'a', 'r', 'm', 'o', 's']","['a', 's', 'r', 'e', 'i', 'm', 'o', 'c', 't', 'g']",9,5,3,"['z', 'n']",0.2857142857142857
puxasse,"['_', '_', '_', 'a', 's', 's', 'e']","['a', 'r', 's', 'e', 'c', 'i', 'o', 'l']",7,3,3,"['u', 'p', 'x']",0.5
agendavas,"['a', '_', '_', 'n', 'd', 'a', 'v', 'a', 's']","['a', 'r', 's', 'v', 'i', 't', 'l', 'n', 'd', 'u']",9,5,2,"['e', 'g']",0.2857142857142857
amizades,"['a', '_', '_', '_', 'a', 'd', '_', 's']","['a', 'r', 's', 'o', 'v', 'd', 'l', 'f']",8,3,4,"['z', 'm', 'i', 'e']",0.5714285714285714
zuno,"['_', 'u', '_', 'o']","['a', 'o', 'i', 'e', 'u', 'r', 's']",4,2,2,"['z', 'n']",0.5
cento,"['_', 'e', 'n', 't', 'o']","['a', 'e', 's', 'r', 'i', 'o', 'n', 't', 'b']",5,4,1,['c'],0.2
folgarmo,"['_', 'o', '_', '_', 'a', 'r', 'm', 'o']","['a', 'r', 'e', 'o', 'm', 't', 's', 'b', 'c']",8,4,3,"['f', 'l', 'g']",0.42857142857142855
fundeiam,"['f', '_', '_', '_', 'e', 'i', 'a', 'm']","['a', 'r', 's', 'i', 'm', 'e', 'b', 'c', 'f', 'o']",8,5,3,"['d', 'u', 'n']",0.375
morenas,"['_', '_', 'r', 'e', '_', 'a', 's']","['a', 'r', 'i', 's', 'e', 't', 'c', 'j', 'd']",7,4,3,"['m', 'n', 'o']",0.42857142857142855
fones,"['_', 'o', '_', 'e', 's']","['a', 'e', 'm', 's', 'o', 'c', 't', 'r']",5,3,2,"['f', 'n']",0.4
algumas,"['a', 'l', '_', '_', '_', 'a', 's']","['a', 'r', 'i', 's', 'e', 'l', 'o', 'c']",7,3,3,"['u', 'm', 'g']",0.5
ninou,"['_', 'i', '_', 'o', 'u']","['a', 'e', 'o', 'u', 'i', 'm', 'f', 'c']",5,3,2,['n'],0.25
larva,"['_', 'a', 'r', '_', 'a']","['a', 'r', 'c', 'f', 'p', 'm', 'd']",5,2,2,"['l', 'v']",0.5
julgadas,"['_', '_', 'l', 'g', 'a', 'd', 'a', 's']","['a', 'r', 's', 'v', 'd', 'c', 'l', 'g', 'e', 'f']",8,5,2,"['u', 'j']",0.2857142857142857
melhore,"['_', 'e', '_', '_', '_', 'r', 'e']","['a', 'e', 'r', 'd', 'n', 'c', 'p']",7,2,4,"['l', 'm', 'h', 'o']",0.6666666666666666
palpavel,"['_', 'a', '_', '_', 'a', '_', '_', '_']","['a', 'r', 's', 'n', 'm', 'c']",8,1,6,"['l', 'v', 'p', 'e']",0.8
felicitou,"['f', 'e', 'l', 'i', 'c', 'i', 't', '_', '_']","['a', 'e', 'r', 's', 'i', 'd', 'l', 'f', 'c', 't', 'm']",9,6,2,"['u', 'o']",0.25
buzinas,"['_', '_', '_', 'i', 'n', 'a', 's']","['a', 'r', 's', 'i', 'c', 'd', 't', 'n', 'l']",7,4,3,"['z', 'b', 'u']",0.42857142857142855
duravel,"['_', '_', 'r', 'a', '_', 'e', '_']","['a', 'r', 's', 'o', 'i', 'm', 'e', 't']",7,3,4,"['d', 'u', 'v', 'l']",0.5714285714285714
vejai,"['_', '_', '_', 'a', 'i']","['a', 's', 'r', 'i', 'c', 'l', 't']",5,2,3,"['v', 'j', 'e']",0.6
namores,"['n', 'a', '_', '_', 'r', 'e', 's']","['a', 's', 'e', 'r', 'c', 'v', 'b', 't', 'n', 'd']",7,5,2,"['m', 'o']",0.2857142857142857
espeto,"['e', '_', '_', 'e', '_', 'o']","['a', 'e', 'o', 'n', 'c', 'r', 'b']",6,2,3,"['s', 'p', 't']",0.6
firmasseis,"['f', 'i', '_', '_', 'a', 's', 's', 'e', 'i', 's']","['a', 's', 'i', 'e', 'c', 'v', 'g', 't', 'f', 'l']",10,5,2,"['r', 'm']",0.2857142857142857
ativados,"['a', 't', '_', '_', 'a', 'd', 'o', 's']","['a', 'r', 's', 'o', 'm', 'd', 'l', 'b', 't', 'c']",8,5,2,"['v', 'i']",0.2857142857142857
falassemos,"['_', 'a', '_', 'a', 's', 's', 'e', 'm', 'o', 's']","['a', 's', 'm', 'e', 'o', 'c', 'r', 'n', 't', 'v']",10,5,2,"['f', 'l']",0.2857142857142857
buscando,"['_', '_', 's', 'c', 'a', 'n', 'd', 'o']","['a', 'r', 's', 'e', 'o', 'n', 'd', 't', 'c', 'i', 'm']",8,6,2,"['b', 'u']",0.25
inovaramos,"['_', '_', 'o', '_', 'a', 'r', 'a', 'm', 'o', 's']","['a', 'r', 's', 'o', 'm', 'c', 'l', 't', 'f', 'p']",10,5,3,"['v', 'i', 'n']",0.375
pista,"['_', 'i', 's', 't', 'a']","['a', 'r', 'i', 'n', 's', 't', 'v', 'd', 'l']",5,4,1,['p'],0.2
teologas,"['_', 'e', '_', '_', '_', '_', 'a', 's']","['a', 'r', 's', 'i', 'e', 'd', 'n', 'v']",8,3,5,"['l', 't', 'g', 'o']",0.5714285714285714
agulhaveis,"['a', '_', '_', 'l', '_', 'a', 'v', 'e', 'i', 's']","['a', 's', 'r', 'e', 'i', 'v', 'l', 't', 'm', 'p', 'f']",10,6,3,"['u', 'h', 'g']",0.3333333333333333
espancando,"['e', 's', '_', 'a', 'n', '_', 'a', 'n', 'd', 'o']","['a', 'r', 's', 'e', 't', 'l', 'v', 'n', 'd', 'o', 'b']",10,6,2,"['c', 'p']",0.25
abundava,"['a', '_', '_', '_', '_', 'a', 'v', 'a']","['a', 'r', 'v', 'i', 't', 'l', 's']",8,2,4,"['d', 'b', 'u', 'n']",0.6666666666666666
pesquei,"['_', 'e', 's', '_', '_', 'e', 'i']","['a', 'e', 'r', 's', 'd', 'i', 'h', 'm']",7,3,3,"['u', 'q', 'p']",0.5
punir,"['_', 'u', '_', 'i', 'r']","['a', 'e', 'o', 'i', 'u', 's', 'r', 'g']",5,3,2,"['p', 'n']",0.4
campea,"['c', 'a', '_', '_', 'e', 'a']","['a', 'r', 'c', 'l', 'v', 'n', 'e', 'h']",6,3,2,"['m', 'p']",0.4
lograis,"['_', 'o', '_', 'r', 'a', 'i', 's']","['a', 'o', 'r', 'd', 's', 'i', 'b', 'f', 'c', 'h']",7,5,2,"['l', 'g']",0.2857142857142857
refutaremo,"['r', 'e', '_', '_', '_', 'a', 'r', 'e', 'm', 'o']","['a', 's', 'r', 'e', 'o', 'm', 'l', 'i', 'c', 'g']",10,5,3,"['f', 'u', 't']",0.375
coando,"['c', 'o', 'a', '_', '_', 'o']","['a', 'r', 's', 'i', 'm', 'o', 'c', 'l']",6,3,2,"['d', 'n']",0.4
fuje,"['_', 'u', '_', 'e']","['a', 'o', 'e', 'i', 'u', 'r', 'm']",4,2,2,"['f', 'j']",0.5
lotarem,"['_', 'o', 't', 'a', 'r', 'e', 'm']","['a', 'r', 'e', 'i', 's', 'm', 'o', 't', 'b', 'c', 'd']",7,6,1,['l'],0.14285714285714285
recebeis,"['r', 'e', '_', 'e', '_', 'e', 'i', 's']","['a', 'e', 'r', 'm', 's', 'i', 'l', 't', 'v']",8,4,2,"['b', 'c']",0.3333333333333333
cenico,"['_', 'e', '_', '_', '_', 'o']","['a', 'e', 'r', 's', 'o', 'd', 'm']",6,2,4,"['c', 'i', 'n']",0.6
selara,"['_', 'e', 'l', 'a', 'r', 'a']","['a', 'r', 'c', 'i', 'e', 'l', 'g', 'm', 'p']",6,4,1,['s'],0.2
habituas,"['_', 'a', '_', '_', '_', '_', 'a', 's']","['a', 'r', 's', 'c', 'l', 'n', 'v']",8,2,5,"['t', 'b', 'u', 'i', 'h']",0.7142857142857143
cobicem,"['_', '_', '_', 'i', '_', 'e', 'm']","['a', 'e', 'i', 'r', 'm', 't', 'd', 'u']",7,3,4,"['b', 'c', 'o']",0.5
nevais,"['_', 'e', '_', 'a', 'i', 's']","['a', 'o', 'i', 's', 'e', 'l', 'c', 'r', 'd']",6,4,2,"['v', 'n']",0.3333333333333333
reformules,"['r', 'e', 'f', '_', 'r', '_', '_', '_', 'e', 's']","['a', 'e', 'r', 's', 't', 'f', 'd', 'i', 'v']",10,4,4,"['l', 'm', 'u', 'o']",0.5
foz,"['_', 'o', '_']","['a', 'o', 's', 'm', 'r', 'e']",3,1,2,"['f', 'z']",0.6666666666666666
golpeiam,"['_', '_', '_', '_', 'e', 'i', 'a', 'm']","['a', 'r', 's', 'i', 'm', 'e', 'b', 'c', 'f']",8,4,4,"['l', 'p', 'o', 'g']",0.5
toques,"['t', 'o', '_', '_', 'e', 's']","['a', 'e', 's', 'r', 'i', 'o', 't', 'l', 'm']",6,4,2,"['u', 'q']",0.3333333333333333
babarei,"['_', 'a', '_', 'a', 'r', 'e', 'i']","['a', 's', 'r', 'm', 'i', 'e', 'c', 'p', 'v']",7,4,2,['b'],0.2
foquei,"['_', 'o', '_', '_', 'e', 'i']","['a', 'e', 's', 'i', 'r', 'o', 'l', 'b']",6,3,3,"['f', 'u', 'q']",0.5
lixavam,"['l', 'i', '_', 'a', 'v', 'a', 'm']","['a', 'r', 's', 'm', 'v', 'c', 'i', 'l', 'd', 'g']",7,5,1,['x'],0.16666666666666666
beijado,"['_', '_', 'i', '_', 'a', 'd', 'o']","['a', 'o', 'm', 'd', 'r', 'i', 't', 'l', 'x']",7,4,3,"['b', 'j', 'e']",0.42857142857142855
embolai,"['e', 'm', 'b', 'o', '_', 'a', 'i']","['a', 'r', 's', 'i', 'e', 'n', 'm', 'p', 'b', 'o', 'c']",7,6,1,['l'],0.14285714285714285
chutam,"['_', '_', '_', '_', 'a', 'm']","['a', 's', 'r', 'i', 'm', 'l', 'n']",6,2,4,"['u', 'c', 't', 'h']",0.6666666666666666
celtico,"['_', 'e', '_', '_', '_', '_', 'o']","['a', 'e', 'r', 's', 'd', 'o', 'n']",7,2,5,"['l', 'c', 't', 'i']",0.6666666666666666
chupado,"['_', '_', 'u', '_', 'a', 'd', 'o']","['a', 'o', 'm', 'd', 'r', 'i', 'e', 'u', 'l']",7,4,3,"['c', 'p', 'h']",0.42857142857142855
votarieis,"['_', 'o', 't', 'a', 'r', 'i', 'e', 'i', 's']","['a', 'e', 's', 'i', 'r', 'o', 't', 'b', 'c', 'd', 'l', 'n']",9,7,1,['v'],0.125
panama,"['_', 'a', '_', 'a', '_', 'a']","['a', 'r', 'v', 'c', 'd', 't']",6,1,3,"['m', 'p', 'n']",0.75
empalou,"['e', 'm', 'p', 'a', 'l', '_', '_']","['a', 'r', 's', 'n', 'm', 'e', 'p', 'l', 'h', 'i']",7,5,2,"['u', 'o']",0.2857142857142857
utah,"['_', '_', 'a', '_']","['a', 's', 'r', 'i', 'o', 'l']",4,1,3,"['u', 't', 'h']",0.75
campeias,"['c', 'a', '_', '_', '_', '_', 'a', 's']","['a', 'r', 's', 'c', 'n', 'l', 't', 'v']",8,3,4,"['m', 'p', 'i', 'e']",0.5714285714285714
alado,"['a', '_', 'a', '_', 'o']","['a', 'o', 'm', 'b', 'r', 'c', 'g']",5,2,2,"['l', 'd']",0.5
bodegas,"['_', '_', '_', 'e', '_', 'a', 's']","['a', 'r', 's', 'i', 'e', 'c', 'l', 't']",7,3,4,"['d', 'b', 'g', 'o']",0.5714285714285714
paginarao,"['_', 'a', '_', '_', '_', 'a', 'r', 'a', 'o']","['a', 'r', 'm', 's', 'o', 'b', 'c', 'e']",9,3,4,"['p', 'i', 'n', 'g']",0.5714285714285714
sufixarao,"['_', '_', '_', 'i', '_', 'a', 'r', 'a', 'o']","['a', 'r', 'e', 'o', 'i', 't', 'c', 'b', 'd']",9,4,4,"['f', 'u', 's', 'x']",0.5
nescio,"['_', 'e', 's', '_', '_', 'o']","['a', 'e', 'r', 's', 'd', 't', 'o', 'l']",6,3,3,"['c', 'i', 'n']",0.5
salvas,"['s', 'a', 'l', '_', 'a', 's']","['a', 's', 'i', 'r', 'l', 'd', 'g', 't']",6,3,1,['v'],0.25
curvo,"['_', 'u', 'r', '_', 'o']","['a', 'e', 'o', 'i', 'r', 'u', 't', 's']",5,3,2,"['c', 'v']",0.4
canape,"['c', 'a', '_', 'a', '_', '_']","['a', 'c', 'o', 's', 'v', 'r', 'd']",6,2,3,"['p', 'n', 'e']",0.6
fundaste,"['_', 'u', 'n', 'd', 'a', 's', 't', 'e']","['a', 'r', 's', 'e', 't', 'i', 'l', 'n', 'c', 'd', 'u', 'b']",8,7,1,['f'],0.125
jaguar,"['_', 'a', '_', '_', 'a', 'r']","['a', 's', 'r', 't', 'l', 'n', 'i']",6,2,3,"['u', 'j', 'g']",0.6
ajudaveis,"['a', '_', '_', '_', 'a', 'v', 'e', 'i', 's']","['a', 's', 'e', 'i', 'r', 'v', 'l', 't', 'f', 'n']",9,5,3,"['d', 'u', 'j']",0.375
amputo,"['a', '_', '_', '_', '_', 'o']","['a', 'e', 'o', 'r', 'i', 's', 'l']",6,2,4,"['m', 't', 'p', 'u']",0.6666666666666666
ensaboaria,"['e', 'n', '_', 'a', '_', '_', 'a', 'r', 'i', 'a']","['a', 'r', 'i', 'e', 'n', 'c', 'g', 'f', 'l', 'z']",10,5,3,"['b', 's', 'o']",0.375
revogariam,"['r', 'e', 'v', '_', '_', 'a', 'r', 'i', 'a', 'm']","['a', 'r', 'e', 'i', 's', 'm', 'l', 't', 'c', 'v', 'z']",10,6,2,"['g', 'o']",0.25
dependem,"['d', 'e', 'p', 'e', 'n', 'd', 'e', '_']","['a', 'e', 's', 'r', 'd', 'n', 'f', 'p', 'i']",8,4,1,['m'],0.2
roge,"['_', 'o', '_', 'e']","['a', 'o', 'e', 'c', 'm', 's', 't']",4,2,2,"['r', 'g']",0.5
tarjada,"['_', 'a', 'r', '_', 'a', 'd', 'a']","['a', 'r', 'v', 'd', 'c', 'f', 'b', 'l']",7,3,2,"['t', 'j']",0.4
equipasse,"['e', '_', '_', '_', '_', 'a', 's', 's', 'e']","['a', 'r', 's', 'e', 'n', 'c', 't', 'm']",9,3,4,"['u', 'q', 'p', 'i']",0.5714285714285714
matutando,"['_', 'a', '_', '_', '_', 'a', 'n', 'd', 'o']","['a', 'r', 's', 'n', 'd', 'o', 'c', 'b', 'i']",9,4,4,"['m', 't', 'u']",0.42857142857142855
puxamos,"['_', 'u', '_', 'a', 'm', 'o', 's']","['a', 'r', 's', 'o', 'm', 'i', 'e', 'c', 'u', 'l']",7,5,2,"['p', 'x']",0.2857142857142857
lagunas,"['l', 'a', '_', '_', '_', 'a', 's']","['a', 's', 'r', 'c', 't', 'l', 'i', 'v']",7,3,3,"['u', 'n', 'g']",0.5
durma,"['_', 'u', 'r', '_', 'a']","['a', 'r', 'e', 'o', 'i', 'u', 't', 's']",5,3,2,"['d', 'm']",0.4
drene,"['_', 'r', 'e', '_', 'e']","['a', 'e', 'r', 'p', 'f', 'v', 'c']",5,2,2,"['d', 'n']",0.5
solo,"['_', 'o', '_', 'o']","['a', 'o', 'c', 't', 'r', 'd']",4,1,2,"['l', 's']",0.6666666666666666
fichai,"['_', 'i', '_', '_', 'a', 'i']","['a', 's', 'r', 'i', 'n', 'v', 'l']",6,2,3,"['f', 'c', 'h']",0.6
comungasses,"['c', '_', '_', '_', 'n', 'g', 'a', 's', 's', 'e', 's']","['a', 's', 'e', 'r', 'i', 'n', 't', 'd', 'c', 'g', 'p']",11,6,3,"['m', 'u', 'o']",0.3333333333333333
abunde,"['a', '_', '_', '_', '_', 'e']","['a', 'e', 'r', 'i', 't', 'l', 's']",6,2,4,"['d', 'b', 'u', 'n']",0.6666666666666666
anotara,"['a', '_', 'o', '_', 'a', 'r', 'a']","['a', 'r', 'i', 'l', 'u', 'o', 'f', 'd']",7,3,2,"['t', 'n']",0.4
caviares,"['c', 'a', '_', '_', 'a', 'r', 'e', 's']","['a', 'r', 's', 'e', 'l', 't', 'n', 'c', 'o', 'u']",8,5,2,"['v', 'i']",0.2857142857142857
lancham,"['l', 'a', '_', '_', '_', 'a', 'm']","['a', 's', 'r', 'm', 'v', 'i', 'l', 't']",7,3,3,"['c', 'h', 'n']",0.5
majoreis,"['_', 'a', '_', '_', 'r', 'e', 'i', 's']","['a', 's', 'r', 'i', 'e', 'c', 't', 'n', 'v', 'b']",8,5,3,"['m', 'j', 'o']",0.375
andem,"['a', '_', '_', 'e', 'm']","['a', 'e', 's', 'i', 'r', 'm', 'u', 'c']",5,3,2,"['d', 'n']",0.4
fumando,"['_', '_', '_', 'a', 'n', 'd', 'o']","['a', 'r', 's', 'n', 'o', 'd', 'c', 'i', 'e']",7,4,3,"['f', 'u', 'm']",0.42857142857142855
fundarmo,"['_', '_', '_', '_', 'a', 'r', 'm', 'o']","['a', 'r', 'e', 'o', 'm', 'i', 'c', 't', 'l']",8,4,4,"['f', 'u', 'd', 'n']",0.5
lambuzou,"['_', 'a', '_', '_', '_', '_', '_', '_']","['a', 's', 'r', 'i', 'e', 'c']",8,1,7,"['z', 'u', 'b', 'o', 'l', 'm']",0.8571428571428571
deputavamos,"['d', 'e', '_', '_', 't', 'a', 'v', 'a', 'm', 'o', 's']","['a', 'r', 's', 'o', 'm', 'v', 'e', 'd', 't', 'b', 'c', 'l', 'n']",11,8,2,"['u', 'p']",0.2
teso,"['_', 'e', '_', 'o']","['a', 'o', 'i', 'e', 'm', 'l', 'n']",4,2,2,"['s', 't']",0.5
repiqueis,"['r', 'e', '_', 'i', '_', 'u', 'e', 'i', 's']","['a', 'e', 'i', 's', 'r', 'v', 'd', 'n', 'u', 'l']",9,5,2,"['q', 'p']",0.2857142857142857
vetaras,"['_', 'e', '_', 'a', 'r', 'a', 's']","['a', 'r', 'o', 's', 'i', 'e', 'l', 'p', 'g']",7,4,2,"['v', 't']",0.3333333333333333
repuxei,"['r', 'e', '_', '_', '_', 'e', 'i']","['a', 'e', 'r', 'i', 't', 'v', 'c', 'l']",7,3,3,"['u', 'p', 'x']",0.5
mofava,"['_', 'o', '_', 'a', 'v', 'a']","['a', 'r', 'v', 'c', 'i', 'o', 't', 's']",6,3,2,"['f', 'm']",0.4
cruzaras,"['_', 'r', '_', '_', 'a', 'r', 'a', 's']","['a', 'r', 'o', 'm', 's', 'e', 'i', 't']",8,3,3,"['z', 'u', 'c']",0.5
moscarei,"['_', 'o', '_', '_', 'a', 'r', 'e', 'i']","['a', 'r', 'e', 'i', 'o', 't', 'b', 'n', 'p', 'l']",8,5,3,"['m', 's', 'c']",0.375
aponte,"['a', '_', '_', 'n', 't', 'e']","['a', 'e', 'r', 'i', 't', 'n', 'v', 'g', 'j']",6,4,2,"['p', 'o']",0.3333333333333333
papasse,"['_', 'a', '_', 'a', 's', 's', 'e']","['a', 's', 'e', 'c', 'r', 'n', 't', 'v']",7,3,2,['p'],0.25
pajeara,"['_', 'a', '_', '_', 'a', 'r', 'a']","['a', 'r', 'c', 't', 's', 'l', 'n']",7,2,3,"['p', 'j', 'e']",0.6
lidei,"['_', 'i', '_', 'e', 'i']","['a', 'e', 'm', 's', 'i', 'r', 'f']",5,2,2,"['l', 'd']",0.5
maximizes,"['_', 'a', '_', '_', '_', '_', '_', 'e', 's']","['a', 's', 'r', 'e', 't', 'c', 'l', 'n']",9,3,6,"['z', 'm', 'i', 'x']",0.5714285714285714
ducados,"['d', '_', '_', 'a', 'd', 'o', 's']","['a', 'r', 's', 'o', 'm', 'd', 't', 'e', 'p']",7,4,2,"['u', 'c']",0.3333333333333333
boxeia,"['_', '_', '_', 'e', 'i', 'a']","['a', 'r', 'i', 'e', 't', 'd', 's', 'l']",6,3,3,"['b', 'x', 'o']",0.5
devolvo,"['d', 'e', '_', 'o', '_', '_', 'o']","['a', 'e', 'r', 's', 'd', 'o', 'n', 'c']",7,3,3,"['l', 'v']",0.4
banharemo,"['_', 'a', 'n', '_', 'a', 'r', 'e', 'm', 'o']","['a', 's', 'r', 'm', 'e', 'o', 't', 'l', 'n', 'c', 'z']",9,6,2,"['b', 'h']",0.25
queixares,"['_', '_', 'e', 'i', '_', 'a', 'r', 'e', 's']","['a', 'r', 'e', 'i', 't', 'm', 's', 'j', 'b', 'c']",9,5,3,"['u', 'q', 'x']",0.375
manjaveis,"['m', 'a', 'n', '_', 'a', 'v', 'e', 'i', 's']","['a', 's', 'r', 'e', 'i', 'v', 'c', 't', 'l', 'n', 'm', 'd']",9,7,1,['j'],0.125
pulariam,"['_', 'u', '_', 'a', 'r', 'i', 'a', 'm']","['a', 'r', 'i', 's', 'm', 'c', 'o', 'e', 'u', 'f']",8,5,2,"['l', 'p']",0.2857142857142857
bonito,"['_', 'o', '_', 'i', '_', 'o']","['a', 'e', 'o', 'i', 'c', 'd', 'v']",6,2,3,"['b', 't', 'n']",0.6
agulhavas,"['a', '_', '_', 'l', '_', 'a', 'v', 'a', 's']","['a', 'r', 's', 'v', 'i', 't', 'l', 'm', 'p']",9,4,3,"['u', 'h', 'g']",0.42857142857142855
trabalheis,"['t', 'r', 'a', '_', 'a', '_', '_', 'e', 'i', 's']","['a', 's', 'r', 'm', 'i', 'e', 't', 'c', 'g', 'j', 'v']",10,6,3,"['l', 'b', 'h']",0.3333333333333333
pesado,"['_', 'e', '_', 'a', 'd', 'o']","['a', 'o', 'm', 'd', 'c', 'r', 'i', 'e', 'l']",6,4,2,"['s', 'p']",0.3333333333333333
agucasseis,"['a', '_', '_', '_', 'a', 's', 's', 'e', 'i', 's']","['a', 's', 'i', 'e', 'l', 't', 'r', 'f', 'n']",10,4,3,"['u', 'c', 'g']",0.42857142857142855
boiasse,"['_', '_', 'i', 'a', 's', 's', 'e']","['a', 'r', 's', 'e', 'c', 'i', 'd', 'v', 'f']",7,4,2,"['b', 'o']",0.3333333333333333
furtados,"['f', '_', 'r', '_', 'a', 'd', 'o', 's']","['a', 'r', 'o', 's', 'm', 'd', 'e', 'c', 'b', 'f', 'p']",8,6,2,"['u', 't']",0.25
debulhavamos,"['d', 'e', '_', '_', '_', '_', 'a', 'v', 'a', 'm', 'o', 's']","['a', 's', 'o', 'm', 'r', 'v', 'e', 'd', 'i', 't', 'n', 'c']",12,7,4,"['l', 'b', 'h', 'u']",0.36363636363636365
felinos,"['_', 'e', '_', 'i', 'n', 'o', 's']","['a', 'e', 'r', 's', 'i', 'd', 'o', 'c', 'n', 'p']",7,5,2,"['f', 'l']",0.2857142857142857
puxaramos,"['_', 'u', '_', 'a', 'r', 'a', 'm', 'o', 's']","['a', 's', 'o', 'm', 'r', 'c', 'i', 'e', 'u', 'f', 'd']",9,6,2,"['p', 'x']",0.25
vulcao,"['_', 'u', '_', 'c', 'a', 'o']","['a', 's', 'r', 'i', 'm', 'o', 'c', 'u', 'n']",6,4,2,"['l', 'v']",0.3333333333333333
alonguei,"['a', '_', 'o', '_', '_', '_', '_', '_']","['a', 'r', 's', 'o', 'm', 'd', 'c']",8,2,6,"['n', 'g', 'l', 'u', 'i', 'e']",0.75
ajeito,"['a', '_', 'e', 'i', 't', 'o']","['a', 'e', 'r', 'n', 's', 'i', 't', 'o', 'c', 'f']",6,5,1,['j'],0.16666666666666666
pugilatos,"['_', '_', '_', '_', '_', 'a', '_', 'o', 's']","['a', 'r', 's', 'o', 'm', 'd', 'n', 'c']",9,3,6,"['t', 'g', 'l', 'u', 'p', 'i']",0.6666666666666666
tatuam,"['_', 'a', '_', '_', 'a', 'm']","['a', 's', 'r', 'i', 'm', 'n', 'l']",6,2,3,"['u', 't']",0.5
peite,"['_', 'e', 'i', 't', 'e']","['a', 'e', 'r', 't', 'n', 's', 'i', 'd']",5,3,1,['p'],0.25
urinardes,"['_', 'r', 'i', '_', 'a', 'r', 'd', 'e', 's']","['a', 's', 'e', 'r', 'd', 't', 'i', 'g', 'c', 'p', 'f']",9,6,2,"['u', 'n']",0.25
ganir,"['_', 'a', '_', '_', 'r']","['a', 's', 'r', 'l', 'p', 'c', 'v']",5,2,3,"['i', 'n', 'g']",0.6
vaquinhas,"['_', 'a', '_', '_', 'i', 'n', 'h', 'a', 's']","['a', 'r', 's', 'i', 'n', 'h', 'm', 'c', 't', 'l']",9,5,3,"['u', 'v', 'q']",0.375
lixaras,"['l', 'i', '_', 'a', 'r', 'a', 's']","['a', 'r', 'o', 's', 'i', 'm', 'f', 'c', 'l', 'd']",7,5,1,['x'],0.16666666666666666
manjuba,"['_', 'a', 'n', '_', '_', '_', 'a']","['a', 'r', 'c', 'l', 'n', 'd', 'v']",7,2,4,"['m', 'b', 'j', 'u']",0.6666666666666666
quebrar,"['_', '_', 'e', '_', 'r', 'a', 'r']","['a', 'r', 'e', 'i', 'f', 'l', 't', 'x']",7,3,3,"['u', 'q', 'b']",0.5
atos,"['a', '_', 'o', 's']","['a', 'r', 's', 'i', 'o', 'm', 'n', 'p']",4,3,1,['t'],0.25
chupar,"['_', '_', 'u', '_', 'a', 'r']","['a', 's', 'r', 'i', 'e', 'o', 'u', 'l']",6,3,3,"['c', 'p', 'h']",0.5
maus,"['_', 'a', '_', '_']","['a', 'o', 'e', 'i', 'c', 'r']",4,1,3,"['m', 's', 'u']",0.75
manha,"['m', 'a', 'n', '_', 'a']","['a', 'r', 'c', 'l', 'n', 't', 'm', 'd']",5,3,1,['h'],0.25
luzissemos,"['_', 'u', '_', 'i', 's', 's', 'e', 'm', 'o', 's']","['a', 'e', 'o', 's', 'm', 'i', 'u', 'g', 'n', 'b', 'f']",10,6,2,"['l', 'z']",0.25
resultado,"['r', 'e', 's', '_', '_', 't', 'a', 'd', 'o']","['a', 'r', 'e', 'o', 'm', 'd', 't', 'c', 'n', 'i', 's', 'g']",9,7,2,"['l', 'u']",0.2222222222222222
penis,"['_', 'e', '_', '_', 's']","['a', 'e', 's', 'o', 'r', 'd', 'l']",5,2,3,"['p', 'i', 'n']",0.6
banharemo,"['_', 'a', 'n', '_', 'a', 'r', 'e', 'm', 'o']","['a', 's', 'r', 'm', 'e', 'o', 't', 'l', 'n', 'c', 'z']",9,6,2,"['b', 'h']",0.25
sazona,"['_', 'a', '_', '_', 'n', 'a']","['a', 'r', 'c', 't', 'l', 'n', 'i']",6,2,3,"['z', 's', 'o']",0.6
caju,"['c', 'a', '_', '_']","['a', 'o', 'e', 'i', 'c', 'd', 'g']",4,2,2,"['u', 'j']",0.5
negamos,"['_', 'e', '_', 'a', 'm', 'o', 's']","['a', 'r', 's', 'o', 'm', 'i', 'e', 'l', 'c', 'v']",7,5,2,"['n', 'g']",0.2857142857142857
chuleio,"['_', '_', '_', '_', 'e', '_', 'o']","['a', 'e', 'o', 'm', 'r', 'n', 's']",7,2,5,"['l', 'u', 'c', 'i', 'h']",0.7142857142857143
pulularas,"['_', 'u', '_', 'u', '_', 'a', 'r', 'a', 's']","['a', 'r', 'e', 'o', 'm', 's', 'i', 'u', 'c']",9,4,3,"['l', 'p']",0.3333333333333333
fundearia,"['f', '_', '_', '_', 'e', 'a', 'r', 'i', 'a']","['a', 'r', 'i', 'e', 't', 'b', 'c', 'f', 'l', 's']",9,5,3,"['d', 'u', 'n']",0.375
faculta,"['_', 'a', 'c', '_', '_', '_', 'a']","['a', 'r', 'c', 'h', 'i', 'm', 'e']",7,2,4,"['f', 'u', 't', 'l']",0.6666666666666666
jazerao,"['_', 'a', '_', '_', 'r', 'a', 'o']","['a', 's', 'r', 'm', 'o', 'c', 'i', 'v']",7,3,3,"['z', 'j', 'e']",0.5
pudica,"['_', 'u', 'd', 'i', 'c', 'a']","['a', 'r', 'i', 'c', 'o', 't', 'd', 'e', 'u', 'l']",6,5,1,['p'],0.16666666666666666
arques,"['a', 'r', '_', '_', 'e', 's']","['a', 'e', 'i', 's', 'r', 'b', 'm', 'j', 'p']",6,4,2,"['u', 'q']",0.3333333333333333
jazerias,"['_', 'a', '_', '_', 'r', 'i', 'a', 's']","['a', 'r', 'i', 's', 'c', 'l', 'n', 'p', 'v']",8,4,3,"['z', 'j', 'e']",0.42857142857142855
lata,"['_', 'a', 't', 'a']","['a', 'c', 'r', 'g', 't', 's', 'b']",4,2,1,['l'],0.3333333333333333
folhea,"['_', '_', '_', '_', 'e', 'a']","['a', 'r', 'i', 'e', 's', 'c', 'b']",6,2,4,"['f', 'l', 'h', 'o']",0.6666666666666666
anularam,"['a', '_', 'u', 'l', 'a', 'r', 'a', 'm']","['a', 'r', 'o', 's', 'm', 'i', 'e', 'u', 'l', 'd']",8,5,1,['n'],0.16666666666666666
xerocaramos,"['_', '_', 'r', 'o', '_', 'a', 'r', 'a', 'm', 'o', 's']","['a', 'r', 'o', 'm', 's', 'l', 'p', 'b', 'g', 'j']",11,5,3,"['c', 'x', 'e']",0.375
sabara,"['_', 'a', 'b', 'a', 'r', 'a']","['a', 'r', 'c', 'v', 'p', 'n', 'b', 'g']",6,3,1,['s'],0.25
encubavam,"['e', 'n', 'c', '_', '_', 'a', 'v', 'a', 'm']","['a', 'r', 's', 'm', 'v', 'e', 'n', 'c', 'p', 't', 'i']",9,6,2,"['u', 'b']",0.25
estrumes,"['e', 's', 't', 'r', '_', '_', 'e', 's']","['a', 'e', 's', 'r', 't', 'i', 'l', 'p', 'o']",8,4,2,"['u', 'm']",0.3333333333333333
gola,"['_', 'o', '_', 'a']","['a', 'r', 'o', 'c', 't', 's', 'm']",4,2,2,"['l', 'g']",0.5
validas,"['_', 'a', 'l', 'i', 'd', 'a', 's']","['a', 's', 'r', 'c', 't', 'l', 'i', 'd', 'f', 'p']",7,5,1,['v'],0.16666666666666666
augusta,"['a', '_', '_', '_', '_', '_', 'a']","['a', 'r', 'i', 'd', 'v', 'e']",7,1,5,"['u', 's', 't', 'g']",0.8
bufas,"['_', 'u', '_', 'a', 's']","['a', 's', 'r', 'i', 'o', 'e', 'u', 'l']",5,3,2,"['f', 'b']",0.4
nutrem,"['_', 'u', '_', 'r', 'e', 'm']","['a', 'e', 's', 'i', 'm', 'r', 'o', 'u', 'l']",6,4,2,"['t', 'n']",0.3333333333333333
quedaramos,"['_', '_', 'e', '_', 'a', 'r', 'a', 'm', 'o', 's']","['a', 'r', 's', 'o', 'm', 'i', 'e', 'p', 'c', 'l', 'f']",10,6,3,"['d', 'u', 'q']",0.3333333333333333
rita,"['r', 'i', '_', 'a']","['a', 'r', 'i', 'c', 'f', 'j', 'm', 'p']",4,3,1,['t'],0.25
xeroqueis,"['_', 'e', 'r', '_', '_', '_', 'e', 'i', 's']","['a', 'e', 'i', 's', 'r', 'p', 'd', 'v', 'n']",9,4,4,"['u', 'q', 'x', 'o']",0.5
fundeavam,"['f', '_', '_', '_', 'e', 'a', 'v', 'a', 'm']","['a', 'r', 's', 'm', 'v', 'e', 'b', 'c', 'f', 'o']",9,5,3,"['d', 'u', 'n']",0.375
despovoe,"['d', 'e', 's', '_', '_', '_', '_', 'e']","['a', 'e', 's', 'd', 'r', 't', 'c', 'i']",8,3,4,"['v', 'p', 'o']",0.5
navego,"['_', 'a', '_', '_', '_', 'o']","['a', 's', 'r', 'o', 'c', 'm', 'i']",6,2,4,"['v', 'g', 'n', 'e']",0.6666666666666666
geral,"['_', '_', 'r', 'a', '_']","['a', 's', 'r', 'i', 'm', 'o', 'u']",5,2,3,"['l', 'e', 'g']",0.6
zelarei,"['_', 'e', '_', 'a', 'r', 'e', 'i']","['a', 'r', 'e', 's', 'm', 'i', 'g', 'v', 'p']",7,4,2,"['z', 'l']",0.3333333333333333
viuvais,"['_', 'i', '_', '_', 'a', 'i', 's']","['a', 'o', 'r', 'i', 's', 'n', 'c', 'l']",7,3,3,"['u', 'v']",0.4
datariam,"['_', 'a', '_', 'a', 'r', 'i', 'a', 'm']","['a', 'r', 'i', 's', 'm', 'c', 'p', 'v', 'n']",8,4,2,"['d', 't']",0.3333333333333333
babarias,"['_', 'a', '_', 'a', 'r', 'i', 'a', 's']","['a', 'r', 'i', 's', 'c', 'p', 'n', 'v', 't']",8,4,2,['b'],0.2
regimes,"['r', 'e', '_', 'i', '_', 'e', 's']","['a', 'e', 'r', 'i', 's', 'v', 't', 'd', 'f']",7,4,2,"['m', 'g']",0.3333333333333333
chagares,"['_', '_', 'a', 'g', 'a', 'r', 'e', 's']","['a', 'r', 'e', 'm', 'i', 's', 't', 'g', 'f', 'l']",8,5,2,"['c', 'h']",0.2857142857142857
porres,"['_', 'o', 'r', 'r', 'e', 's']","['a', 'e', 's', 'r', 'o', 'b', 'c', 'f', 'j']",6,4,1,['p'],0.2
plote,"['_', 'l', 'o', '_', 'e']","['a', 'e', 'r', 'i', 'o', 'l', 'c', 'g']",5,3,2,"['t', 'p']",0.4
estudasse,"['e', 's', 't', '_', '_', 'a', 's', 's', 'e']","['a', 'r', 's', 'e', 't', 'c', 'f', 'l', 'i']",9,4,2,"['d', 'u']",0.3333333333333333
pegavamos,"['_', 'e', '_', 'a', 'v', 'a', 'm', 'o', 's']","['a', 's', 'o', 'm', 'r', 'v', 'c', 'i', 'e', 'l', 'n']",9,6,2,"['p', 'g']",0.25
voes,"['_', 'o', 'e', 's']","['a', 'o', 'e', 'm', 's', 'c', 'd', 'p']",4,3,1,['v'],0.25
vedas,"['_', 'e', '_', 'a', 's']","['a', 's', 'r', 'i', 'o', 'e', 'l', 't']",5,3,2,"['d', 'v']",0.4
enfadarao,"['e', 'n', '_', 'a', '_', 'a', 'r', 'a', 'o']","['a', 'r', 's', 'm', 'o', 'e', 'n', 'c', 'g', 'l']",9,5,2,"['f', 'd']",0.2857142857142857
vexarem,"['v', 'e', '_', 'a', 'r', 'e', 'm']","['a', 'r', 'e', 's', 'm', 'g', 'v', 'd', 'l', 't']",7,5,1,['x'],0.16666666666666666
nanam,"['_', 'a', '_', 'a', 'm']","['a', 's', 'r', 'm', 'c', 'b', 'v']",5,2,2,['n'],0.3333333333333333
degelo,"['d', 'e', '_', 'e', 'l', 'o']","['a', 'e', 'r', 'o', 'm', 'd', 't', 'l', 'b']",6,4,1,['g'],0.2
golpeando,"['_', 'o', 'l', '_', 'e', 'a', 'n', 'd', 'o']","['a', 'r', 's', 'n', 'o', 'd', 'c', 'm', 'e', 'l', 'f']",9,6,2,"['p', 'g']",0.25
avacalho,"['a', 'v', 'a', 'c', 'a', 'l', 'h', '_']","['a', 'r', 's', 'n', 'c', 'p', 'v', 'l', 'h', 'e']",8,5,1,['o'],0.16666666666666666
pure,"['_', 'u', 'r', 'e']","['a', 'o', 'e', 'i', 'u', 'r', 'c', 'd']",4,3,1,['p'],0.25
gata,"['g', 'a', '_', 'a']","['a', 'c', 'r', 'g', 'b', 'j', 'l']",4,2,1,['t'],0.3333333333333333
sujamo,"['s', 'u', '_', 'a', 'm', 'o']","['a', 'o', 'm', 'r', 'c', 'i', 'e', 'u', 's', 'b']",6,5,1,['j'],0.16666666666666666
contigo,"['c', 'o', 'n', '_', 'i', '_', 'o']","['a', 'e', 'o', 'i', 'r', 'c', 'n', 'd', 'v']",7,4,2,"['t', 'g']",0.3333333333333333
roubavas,"['r', 'o', '_', '_', 'a', 'v', 'a', 's']","['a', 'r', 's', 'e', 'd', 'v', 'c', 'p', 'o', 'n']",8,5,2,"['u', 'b']",0.2857142857142857
postulamo,"['p', 'o', 's', 't', 'u', 'l', 'a', '_', 'o']","['a', 'r', 'i', 'e', 'o', 'c', 'p', 's', 't', 'u', 'l', 'd']",9,7,1,['m'],0.125
alijaram,"['a', '_', 'i', '_', 'a', 'r', 'a', 'm']","['a', 'r', 'o', 's', 'm', 'i', 't', 'f', 'v']",8,4,2,"['l', 'j']",0.3333333333333333
volves,"['_', 'o', '_', '_', 'e', 's']","['a', 'e', 's', 'r', 'i', 'o', 't', 'c']",6,3,3,"['l', 'v']",0.4
vulto,"['_', 'u', '_', '_', 'o']","['a', 'e', 'o', 'i', 'r', 'u', 's']",5,2,3,"['l', 'v', 't']",0.6
luzirmo,"['_', 'u', '_', 'i', 'r', 'm', 'o']","['a', 'e', 'o', 'i', 'n', 'm', 'r', 'u', 'g', 'b']",7,5,2,"['l', 'z']",0.2857142857142857
primando,"['_', 'r', 'i', '_', 'a', 'n', 'd', 'o']","['a', 'r', 'e', 'o', 'd', 'n', 't', 'i', 'g', 'v', 'f']",8,6,2,"['m', 'p']",0.25
puxarieis,"['_', 'u', '_', 'a', 'r', 'i', 'e', 'i', 's']","['a', 'e', 's', 'i', 'r', 'o', 'c', 'u', 'f', 'g', 'm']",9,6,2,"['p', 'x']",0.25
constei,"['c', 'o', '_', '_', 't', 'e', 'i']","['a', 'e', 'i', 'r', 'u', 'o', 'c', 't', 'g', 'l']",7,5,2,"['s', 'n']",0.2857142857142857
buzinaras,"['b', '_', '_', 'i', '_', 'a', 'r', 'a', 's']","['a', 'r', 'e', 'o', 'm', 's', 'i', 't', 'b', 'l']",9,5,3,"['z', 'u', 'n']",0.375
torres,"['_', 'o', 'r', 'r', 'e', 's']","['a', 'e', 's', 'r', 'o', 'b', 'c', 'f', 'j']",6,4,1,['t'],0.2
peidam,"['_', '_', 'i', '_', 'a', 'm']","['a', 's', 'r', 'i', 'm', 't', 'x', 'n']",6,3,3,"['d', 'p', 'e']",0.5
encuba,"['e', 'n', '_', '_', '_', 'a']","['a', 'r', 'i', 'e', 's', 'n', 't', 'g']",6,3,3,"['u', 'c', 'b']",0.5
judiam,"['_', 'u', '_', 'i', 'a', 'm']","['a', 's', 'r', 'i', 'm', 'e', 'u', 'n', 'l']",6,4,2,"['d', 'j']",0.3333333333333333
punidas,"['_', 'u', '_', 'i', 'd', 'a', 's']","['a', 'r', 's', 'i', 'c', 'd', 'e', 'v', 'u', 'm']",7,5,2,"['p', 'n']",0.2857142857142857
fuzilara,"['_', '_', '_', 'i', '_', 'a', 'r', 'a']","['a', 'r', 'e', 'i', 't', 'c', 'b', 'd']",8,3,4,"['f', 'u', 'z', 'l']",0.5714285714285714
boxeamos,"['_', 'o', '_', '_', 'a', 'm', 'o', 's']","['a', 'r', 's', 'o', 'm', 'l', 'c', 'p', 'v']",8,4,3,"['b', 'x', 'e']",0.42857142857142855
leque,"['_', 'e', '_', 'u', 'e']","['a', 'e', 'r', 't', 's', 'u', 'g']",5,2,2,"['l', 'q']",0.5
votastes,"['_', 'o', 't', 'a', 's', 't', 'e', 's']","['a', 's', 'e', 't', 'o', 'b', 'c', 'd', 'l', 'n']",8,5,1,['v'],0.16666666666666666
agireis,"['a', '_', 'i', 'r', 'e', 'i', 's']","['a', 'e', 'i', 's', 't', 'v', 'l', 'm', 'r', 'd']",7,5,1,['g'],0.16666666666666666
pajeamo,"['_', 'a', '_', '_', 'a', 'm', 'o']","['a', 'r', 's', 'o', 'm', 'n', 't', 'l']",7,3,3,"['p', 'j', 'e']",0.5
equilibras,"['e', '_', '_', '_', '_', '_', '_', 'r', 'a', 's']","['a', 'r', 'e', 's', 'n', 'c', 'p', 't', 'm']",10,4,6,"['q', 'b', 'l', 'u', 'i']",0.5555555555555556
abnego,"['a', '_', '_', 'e', '_', 'o']","['a', 'e', 'i', 'r', 'o', 'm', 'l', 'c']",6,3,3,"['b', 'n', 'g']",0.5
gari,"['_', 'a', '_', 'i']","['a', 'o', 'e', 'i', 'l', 'n', 't']",4,2,2,"['r', 'g']",0.5
assentas,"['a', 's', 's', 'e', '_', '_', 'a', 's']","['a', 'r', 's', 'i', 'e', 'd', 'v', 'c']",8,3,2,"['t', 'n']",0.4
chupastes,"['c', 'h', '_', '_', 'a', 's', 't', 'e', 's']","['a', 's', 'e', 't', 'r', 'i', 'l', 'n', 'c', 'h', 'g']",9,6,2,"['u', 'p']",0.25
abelhudo,"['a', '_', '_', '_', '_', '_', 'd', 'o']","['a', 'r', 's', 'o', 'm', 'd', 'n', 'i']",8,3,5,"['b', 'l', 'u', 'h', 'e']",0.625
pudicos,"['_', '_', '_', 'i', 'c', 'o', 's']","['a', 'e', 'o', 'i', 's', 'm', 'c', 'n', 't']",7,4,3,"['d', 'u', 'p']",0.42857142857142855
catou,"['c', 'a', '_', 'o', 'u']","['a', 's', 'r', 'm', 'i', 'o', 'u', 'c', 'g']",5,4,1,['t'],0.2
soa,"['_', 'o', 'a']","['a', 'i', 'o', 'b', 'c', 'd', 'm']",3,2,1,['s'],0.3333333333333333
atuando,"['a', '_', 'u', 'a', 'n', 'd', 'o']","['a', 'r', 's', 'n', 'd', 'o', 'i', 'c', 'u', 'g']",7,5,1,['t'],0.16666666666666666
findaveis,"['_', 'i', '_', '_', 'a', 'v', 'e', 'i', 's']","['a', 's', 'e', 'i', 'v', 'c', 'g', 'l', 't', 'r']",9,5,3,"['f', 'd', 'n']",0.375
empipocas,"['_', '_', '_', 'i', '_', '_', '_', 'a', 's']","['a', 'r', 's', 'i', 'v', 'd', 'l', 'n']",9,3,6,"['o', 'm', 'c', 'p', 'e']",0.625
doppler,"['_', 'o', '_', '_', '_', 'e', 'r']","['a', 'e', 'i', 's', 'm', 'r', 'o', 'c']",7,3,4,"['d', 'p', 'l']",0.5
conjuga,"['c', 'o', 'n', '_', 'u', '_', 'a']","['a', 'r', 'i', 'e', 'o', 'd', 'c', 'n', 'u', 's']",7,5,2,"['j', 'g']",0.2857142857142857
chupavam,"['_', '_', '_', '_', 'a', 'v', 'a', 'm']","['a', 'r', 's', 'm', 'v', 'i', 'e', 'l']",8,3,4,"['u', 'c', 'p', 'h']",0.5714285714285714
roxo,"['r', 'o', '_', 'o']","['a', 'o', 'c', 't', 'r', 'b', 'd']",4,2,1,['x'],0.3333333333333333
reza,"['r', 'e', '_', 'a']","['a', 'r', 'i', 'o', 'e', 'g', 'j', 'm']",4,3,1,['z'],0.25
detende,"['d', 'e', '_', 'e', 'n', 'd', 'e']","['a', 'e', 's', 'r', 'd', 'n', 'f', 'p']",7,3,1,['t'],0.25
caudilhos,"['c', 'a', '_', '_', 'i', 'l', 'h', 'o', 's']","['a', 's', 'r', 'e', 'i', 'n', 'c', 'o', 'm', 'l', 'h', 'x']",9,7,2,"['d', 'u']",0.2222222222222222
pia,"['_', 'i', 'a']","['a', 'i', 'd', 'e', 'f', 'l', 'm']",3,2,1,['p'],0.3333333333333333
rumava,"['r', 'u', '_', 'a', 'v', 'a']","['a', 'r', 'e', 'd', 'v', 'i', 'o', 'u', 'f']",6,4,1,['m'],0.2
blindavam,"['_', '_', 'i', 'n', '_', 'a', 'v', 'a', 'm']","['a', 'r', 's', 'm', 'v', 'e', 'i', 'n', 'h', 'f']",9,5,3,"['l', 'b', 'd']",0.375
solara,"['_', 'o', '_', 'a', 'r', 'a']","['a', 'r', 'c', 'i', 'e', 'o', 't', 'd']",6,3,2,"['l', 's']",0.4
ligaras,"['l', 'i', '_', 'a', 'r', 'a', 's']","['a', 'r', 'o', 's', 'i', 'm', 'f', 'c', 'l', 'd']",7,5,1,['g'],0.16666666666666666
quarenta,"['_', '_', 'a', 'r', 'e', 'n', 't', 'a']","['a', 'r', 'c', 'd', 'v', 't', 'e', 'n', 'p', 'z']",8,5,2,"['u', 'q']",0.2857142857142857
tear,"['_', 'e', 'a', 'r']","['a', 's', 'r', 'o', 'i', 'e', 'c', 'g']",4,3,1,['t'],0.25
licores,"['_', 'i', '_', '_', 'r', 'e', 's']","['a', 'e', 'i', 's', 'r', 't', 'g', 'd', 'z']",7,4,3,"['l', 'c', 'o']",0.42857142857142855
penasseis,"['p', 'e', '_', 'a', 's', 's', 'e', 'i', 's']","['a', 'e', 's', 'i', 'l', 'r', 'v', 'p', 'c', 'g']",9,5,1,['n'],0.16666666666666666
trazem,"['t', 'r', 'a', '_', 'e', 'm']","['a', 'r', 's', 't', 'i', 'm', 'e', 'c', 'j', 'v']",6,5,1,['z'],0.16666666666666666
embatido,"['e', 'm', 'b', 'a', '_', '_', '_', 'o']","['a', 's', 'e', 'n', 'm', 'p', 'b', 'r', 'o', 'c']",8,5,3,"['d', 't', 'i']",0.375
les,"['_', 'e', '_']","['a', 'o', 'e', 'm', 'r', 'u']",3,1,2,"['l', 's']",0.6666666666666666
torax,"['_', 'o', 'r', 'a', '_']","['a', 's', 'r', 'i', 'm', 'o', 'c', 'g']",5,3,2,"['t', 'x']",0.4
espumavas,"['e', 's', '_', '_', '_', 'a', 'v', 'a', 's']","['a', 'r', 's', 'e', 'v', 't', 'c', 'o', 'g']",9,4,3,"['u', 'm', 'p']",0.42857142857142855
tais,"['_', 'a', 'i', 's']","['a', 'o', 'e', 'i', 's', 'c', 'd', 'm']",4,3,1,['t'],0.25
poluida,"['_', 'o', 'l', '_', 'i', 'd', 'a']","['a', 'r', 'i', 'c', 'e', 'n', 'd', 'l', 'o', 'v']",7,5,2,"['u', 'p']",0.2857142857142857
razoes,"['r', 'a', '_', '_', 'e', 's']","['a', 's', 'i', 'r', 'e', 'c', 'p', 'l', 'n']",6,4,2,"['z', 'o']",0.3333333333333333
notou,"['_', 'o', 't', 'o', 'u']","['a', 'e', 'o', 's', 'u', 't', 'b', 'c']",5,3,1,['n'],0.25
grudarmo,"['g', 'r', '_', '_', 'a', 'r', 'm', 'o']","['a', 'r', 'e', 'o', 'm', 't', 'i', 'g', 'f', 'v']",8,5,2,"['d', 'u']",0.2857142857142857
devolvem,"['d', 'e', '_', '_', '_', '_', 'e', 'm']","['a', 'e', 'r', 's', 'i', 'd', 'm', 'u']",8,3,4,"['l', 'v', 'o']",0.5
acometa,"['a', '_', 'o', '_', 'e', 't', 'a']","['a', 'r', 'i', 'd', 'v', 'e', 't', 'o', 'b']",7,4,2,"['m', 'c']",0.3333333333333333
compilava,"['c', 'o', '_', '_', 'i', 'l', 'a', 'v', 'a']","['a', 'r', 'v', 'e', 'i', 'c', 'n', 't', 'o', 'l', 'h']",9,6,2,"['m', 'p']",0.25
saio,"['_', 'a', '_', 'o']","['a', 'o', 'c', 't', 'r', 'g', 'n']",4,2,2,"['s', 'i']",0.5
funguemos,"['_', 'u', '_', '_', 'u', 'e', 'm', 'o', 's']","['a', 'e', 'o', 's', 'm', 'r', 'i', 'u', 'l', 'b']",9,5,3,"['f', 'n', 'g']",0.375
quilos,"['_', 'u', 'i', '_', 'o', 's']","['a', 'e', 'o', 's', 'i', 'u', 'r', 'z', 'm']",6,4,2,"['l', 'q']",0.3333333333333333
nevamos,"['_', 'e', 'v', 'a', 'm', 'o', 's']","['a', 'r', 's', 'o', 'm', 'i', 'e', 'l', 'c', 'v', 'd']",7,6,1,['n'],0.14285714285714285
junco,"['_', 'u', '_', '_', 'o']","['a', 'e', 'o', 'i', 'r', 'u', 's']",5,2,3,"['c', 'j', 'n']",0.6
baleamo,"['_', 'a', 'l', '_', 'a', 'm', 'o']","['a', 'r', 's', 'o', 'm', 'n', 't', 'l', 'h']",7,4,2,"['b', 'e']",0.3333333333333333
multi,"['_', 'u', '_', 't', 'i']","['a', 'e', 'o', 'i', 'u', 's', 't', 'c']",5,3,2,"['l', 'm']",0.4
enojado,"['_', '_', 'o', '_', 'a', 'd', 'o']","['a', 'o', 'd', 'r', 'l', 'b', 'c', 't']",7,3,3,"['j', 'n', 'e']",0.5
culpem,"['_', 'u', '_', '_', 'e', 'm']","['a', 'e', 's', 'i', 'm', 'r', 'u', 'd']",6,3,3,"['l', 'c', 'p']",0.5
privou,"['_', 'r', 'i', 'v', 'o', 'u']","['a', 'e', 'o', 's', 'u', 'r', 'i', 'g', 'v', 'c']",6,5,1,['p'],0.16666666666666666
palhas,"['_', 'a', 'l', 'h', 'a', 's']","['a', 's', 'r', 'c', 'i', 'n', 'l', 'h', 'f']",6,4,1,['p'],0.2
ria,"['_', 'i', 'a']","['a', 'i', 'd', 'e', 'f', 'l', 'm']",3,2,1,['r'],0.3333333333333333
montares,"['_', 'o', '_', 't', 'a', 'r', 'e', 's']","['a', 'r', 'e', 'i', 's', 'o', 't', 'c', 'p', 'l', 'g']",8,6,2,"['m', 'n']",0.25
avia,"['a', '_', 'i', 'a']","['a', 'r', 'l', 'i', 'd', 'f', 'g']",4,2,1,['v'],0.3333333333333333
abdica,"['a', 'b', '_', 'i', '_', 'a']","['a', 'r', 'i', 't', 'n', 'l', 'b', 'x']",6,3,2,"['d', 'c']",0.4
fitando,"['_', 'i', '_', 'a', 'n', 'd', 'o']","['a', 'r', 's', 'n', 'o', 'd', 'c', 'i', 'l', 'm']",7,5,2,"['f', 't']",0.2857142857142857
ajuiza,"['a', '_', '_', 'i', '_', 'a']","['a', 'r', 'i', 't', 'n', 'l', 'b']",6,2,3,"['z', 'u', 'j']",0.6
bundamos,"['_', '_', '_', '_', 'a', 'm', 'o', 's']","['a', 'r', 's', 'o', 'm', 'i', 'e', 'l', 'c']",8,4,4,"['d', 'b', 'u', 'n']",0.5
pautam,"['_', 'a', '_', '_', 'a', 'm']","['a', 's', 'r', 'i', 'm', 'n', 'l']",6,2,3,"['u', 't', 'p']",0.6
enxotarei,"['e', 'n', '_', 'o', '_', 'a', 'r', 'e', 'i']","['a', 'r', 'e', 's', 'm', 'i', 'n', 'c', 'g', 'o', 'l']",9,6,2,"['t', 'x']",0.25
galata,"['g', 'a', '_', 'a', 't', 'a']","['a', 'r', 'v', 'c', 'd', 't', 'g', 'i']",6,3,1,['l'],0.25
debateu,"['_', '_', '_', 'a', '_', '_', '_']","['a', 'r', 's', 'n', 'm', 'o']",7,1,6,"['d', 't', 'b', 'u', 'e']",0.8333333333333334
gabaritou,"['g', 'a', 'b', 'a', 'r', 'i', 't', '_', '_']","['a', 's', 'i', 'n', 'r', 'p', 'g', 'b', 't', 'm', 'e']",9,6,2,"['u', 'o']",0.25
fungaramos,"['_', '_', '_', '_', 'a', 'r', 'a', 'm', 'o', 's']","['a', 'r', 's', 'o', 'm', 'i', 'e', 'c', 't', 'l']",10,5,4,"['f', 'u', 'n', 'g']",0.4444444444444444
bundarao,"['_', '_', '_', '_', 'a', 'r', 'a', 'o']","['a', 'r', 'o', 'i', 'e', 'c', 't', 'l']",8,3,4,"['d', 'b', 'u', 'n']",0.5714285714285714
uivaram,"['_', 'i', '_', 'a', 'r', 'a', 'm']","['a', 'r', 'o', 's', 'm', 'i', 'f', 'l', 'c']",7,4,2,"['u', 'v']",0.3333333333333333
objetas,"['_', '_', '_', 'e', 't', 'a', 's']","['a', 'r', 's', 'i', 'e', 'c', 'l', 't', 'g']",7,4,3,"['b', 'j', 'o']",0.42857142857142855
fuziles,"['_', '_', '_', 'i', '_', 'e', 's']","['a', 'e', 'i', 'r', 'm', 's', 'd', 'c']",7,3,4,"['f', 'u', 'z', 'l']",0.5714285714285714
repugne,"['r', 'e', '_', '_', '_', '_', 'e']","['a', 'e', 'r', 't', 's', 'o', 'i']",7,2,4,"['u', 'p', 'n', 'g']",0.6666666666666666
pipocando,"['_', '_', '_', 'o', 'c', 'a', 'n', 'd', 'o']","['a', 'r', 's', 'n', 'o', 'd', 'c', 'm', 'f', 'v']",9,5,3,"['p', 'i']",0.2857142857142857
velas,"['_', 'e', 'l', 'a', 's']","['a', 's', 'r', 'i', 'o', 'e', 'l', 'b', 'c']",5,4,1,['v'],0.2
anularam,"['a', '_', 'u', 'l', 'a', 'r', 'a', 'm']","['a', 'r', 'o', 's', 'm', 'i', 'e', 'u', 'l', 'd']",8,5,1,['n'],0.16666666666666666
quer,"['_', '_', 'e', 'r']","['a', 'o', 'e', 'i', 's', 'r', 'c']",4,2,2,"['u', 'q']",0.5
adocar,"['a', '_', 'o', '_', 'a', 'r']","['a', 'i', 'r', 'l', 'u', 'e', 'o', 'f']",6,3,2,"['d', 'c']",0.4
assumas,"['a', 's', 's', '_', '_', 'a', 's']","['a', 'r', 'i', 's', 'o', 'd', 'v']",7,2,2,"['u', 'm']",0.5
molar,"['_', 'o', 'l', 'a', 'r']","['a', 's', 'r', 'i', 'o', 't', 'l', 'b', 'c']",5,4,1,['m'],0.2
noites,"['_', '_', 'i', 't', 'e', 's']","['a', 'e', 's', 'r', 'i', 't', 'm', 'd', 'l']",6,4,2,"['n', 'o']",0.3333333333333333
objetar,"['_', '_', '_', 'e', 't', 'a', 'r']","['a', 'r', 'e', 'l', 'n', 'c', 't', 'd', 's']",7,4,3,"['b', 'j', 'o']",0.42857142857142855
tourearei,"['_', '_', '_', 'r', 'e', 'a', 'r', 'e', 'i']","['a', 'r', 'e', 'm', 's', 'i', 'l', 'f', 'c']",9,4,3,"['u', 't', 'o']",0.42857142857142855
jogavamos,"['_', 'o', '_', 'a', 'v', 'a', 'm', 'o', 's']","['a', 's', 'o', 'm', 'r', 'v', 't', 'c', 'd', 'b']",9,5,2,"['j', 'g']",0.2857142857142857
banharmo,"['_', 'a', 'n', '_', 'a', 'r', 'm', 'o']","['a', 'r', 's', 'm', 'o', 't', 'l', 'n', 'c', 'z']",8,5,2,"['b', 'h']",0.2857142857142857
usurparia,"['_', '_', '_', 'r', '_', 'a', 'r', 'i', 'a']","['a', 'r', 'i', 'e', 'o', 'm', 'g', 'c']",9,3,4,"['u', 's', 'p']",0.5
remexas,"['r', 'e', '_', 'e', '_', 'a', 's']","['a', 'r', 'e', 's', 'l', 't', 'v', 'c', 'g']",7,4,2,"['m', 'x']",0.3333333333333333
trazer,"['t', 'r', 'a', '_', '_', 'r']","['a', 'r', 't', 'c', 'g', 'j', 'o', 'v']",6,3,2,"['z', 'e']",0.4
desove,"['d', 'e', '_', '_', '_', 'e']","['a', 'e', 'r', 'd', 't', 'l', 'n']",6,2,3,"['s', 'v', 'o']",0.6
chutemos,"['_', '_', 'u', '_', 'e', 'm', 'o', 's']","['a', 'e', 'o', 's', 'm', 'r', 'i', 'u', 'p', 'l']",8,5,3,"['c', 't', 'h']",0.375
malhasseis,"['_', 'a', 'l', 'h', 'a', 's', 's', 'e', 'i', 's']","['a', 's', 'e', 'i', 'r', 'c', 't', 'l', 'g', 'h', 'f']",10,6,1,['m'],0.14285714285714285
babado,"['_', 'a', '_', 'a', 'd', 'o']","['a', 'c', 'r', 'o', 'm', 'd', 'n', 'v']",6,3,2,['b'],0.25
confiavam,"['c', '_', '_', '_', 'i', 'a', 'v', 'a', 'm']","['a', 'r', 's', 'm', 'v', 'e', 'i', 'l', 'c', 'b']",9,5,3,"['f', 'n', 'o']",0.375
avariaras,"['a', '_', 'a', 'r', '_', 'a', 'r', 'a', 's']","['a', 'r', 'm', 'o', 's', 'g', 'b', 'p']",9,3,2,"['v', 'i']",0.4
delegue,"['d', 'e', '_', 'e', '_', '_', 'e']","['a', 'e', 's', 'r', 'd', 'n', 't']",7,2,3,"['l', 'u', 'g']",0.6
zurrem,"['_', '_', 'r', 'r', 'e', 'm']","['a', 'e', 's', 'i', 'm', 'r', 'o', 'b']",6,3,2,"['z', 'u']",0.4
dataramos,"['_', 'a', '_', 'a', 'r', 'a', 'm', 'o', 's']","['a', 's', 'm', 'o', 'r', 'c', 'p', 'n', 'v', 'b']",9,5,2,"['d', 't']",0.2857142857142857
notai,"['_', 'o', 't', 'a', 'i']","['a', 's', 'r', 'i', 'c', 'l', 't', 'o', 'b']",5,4,1,['n'],0.2
engajou,"['e', 'n', 'g', 'a', '_', '_', '_']","['a', 'r', 's', 'n', 'e', 'l', 'g', 'i', 'm']",7,4,3,"['u', 'j', 'o']",0.42857142857142855
agachava,"['a', '_', 'a', '_', '_', 'a', 'v', 'a']","['a', 'r', 'v', 'm', 'p', 'i', 't']",8,2,3,"['c', 'h', 'g']",0.6
findais,"['_', 'i', 'n', '_', 'a', 'i', 's']","['a', 'o', 'r', 'i', 's', 'n', 'c', 't', 'g']",7,4,2,"['f', 'd']",0.3333333333333333
aquecemo,"['a', '_', '_', 'e', '_', 'e', 'm', 'o']","['a', 'r', 's', 'o', 'm', 'e', 'l', 'd', 'n']",8,4,3,"['u', 'q', 'c']",0.42857142857142855
escavou,"['e', 's', 'c', 'a', 'v', '_', '_']","['a', 'r', 's', 'e', 't', 'c', 'l', 'p', 'v', 'i']",7,5,2,"['u', 'o']",0.2857142857142857
andarao,"['a', '_', '_', 'a', 'r', 'a', 'o']","['a', 'r', 'm', 's', 'o', 'c', 'i', 'u']",7,3,2,"['d', 'n']",0.4
chocou,"['_', '_', 'o', '_', 'o', 'u']","['a', 'e', 'o', 's', 'u', 'r', 'i']",6,2,3,"['c', 'h']",0.5
emitiu,"['e', 'm', 'i', 't', 'i', '_']","['a', 'e', 'o', 'i', 'x', 'r', 'm', 't', 's']",6,4,1,['u'],0.2
halos,"['_', 'a', '_', 'o', 's']","['a', 's', 'e', 'o', 'c', 'g', 'r', 'd']",5,3,2,"['l', 'h']",0.4
extorquem,"['e', '_', '_', 'o', 'r', 'q', 'u', 'e', 'm']","['a', 'e', 's', 'i', 'm', 'r', 'n', 'o', 'q', 'u', 'b']",9,6,2,"['t', 'x']",0.25
gozei,"['_', 'o', '_', 'e', 'i']","['a', 'e', 'm', 's', 'i', 'r', 'o', 't']",5,3,2,"['z', 'g']",0.4
atenas,"['a', '_', 'e', 'n', 'a', 's']","['a', 'i', 'r', 's', 'l', 'e', 'n', 'c', 'm']",6,4,1,['t'],0.2
chuleamo,"['c', 'h', '_', '_', 'e', 'a', 'm', 'o']","['a', 'o', 'm', 'e', 'r', 's', 'b', 'c', 'h', 't', 'v']",8,6,2,"['l', 'u']",0.25
procedeu,"['p', 'r', 'o', 'c', 'e', 'd', 'e', '_']","['a', 'e', 'r', 'p', 'o', 't', 'c', 'd', 'i', 'm', 's']",8,6,1,['u'],0.14285714285714285
adoecam,"['a', '_', '_', '_', '_', 'a', 'm']","['a', 'r', 'i', 's', 'm', 'n', 'l']",7,2,4,"['d', 'c', 'e', 'o']",0.6666666666666666
pichemo,"['_', 'i', '_', '_', 'e', 'm', 'o']","['a', 'e', 'o', 'm', 'r', 'i', 's', 'n', 'l']",7,4,3,"['c', 'p', 'h']",0.42857142857142855
acenavamos,"['a', '_', '_', '_', 'a', 'v', 'a', 'm', 'o', 's']","['a', 's', 'o', 'm', 'r', 'v', 'l', 'i', 'f', 'u']",10,5,3,"['c', 'n', 'e']",0.375
molhem,"['m', 'o', 'l', '_', 'e', 'm']","['a', 'e', 's', 'i', 'm', 'o', 'r', 'l', 'd']",6,4,1,['h'],0.2
jogadas,"['_', 'o', '_', 'a', 'd', 'a', 's']","['a', 'r', 's', 'v', 'd', 'c', 'o', 't', 'm']",7,4,2,"['j', 'g']",0.3333333333333333
pecai,"['_', 'e', 'c', 'a', 'i']","['a', 's', 'r', 'i', 'c', 'o', 'l', 'e', 'd']",5,4,1,['p'],0.2
azotadas,"['a', '_', '_', '_', 'a', 'd', 'a', 's']","['a', 'r', 's', 'v', 'd', 'l', 'f', 'b']",8,3,3,"['z', 't', 'o']",0.5
tombada,"['_', '_', '_', '_', 'a', 'd', 'a']","['a', 'r', 'v', 'd', 'c', 'l', 'e']",7,2,4,"['m', 't', 'b', 'o']",0.6666666666666666
ronquem,"['r', '_', '_', '_', '_', 'e', 'm']","['a', 'e', 'i', 's', 'm', 'r', 'l', 't']",7,3,4,"['u', 'q', 'n', 'o']",0.5714285714285714
tolherdes,"['_', 'o', '_', '_', 'e', 'r', 'd', 'e', 's']","['a', 'e', 's', 'r', 'd', 'o', 'c', 'v', 'm', 'f']",9,5,3,"['l', 't', 'h']",0.375
espigadas,"['e', 's', '_', '_', 'g', 'a', 'd', 'a', 's']","['a', 'r', 's', 'e', 'v', 'd', 'c', 't', 'g', 'm']",9,5,2,"['p', 'i']",0.2857142857142857
grulha,"['_', 'r', 'u', '_', '_', 'a']","['a', 'r', 'i', 'e', 'o', 'n', 'u', 'b']",6,3,3,"['l', 'h', 'g']",0.5
cravando,"['_', 'r', 'a', '_', 'a', 'n', 'd', 'o']","['a', 'r', 't', 's', 'm', 'g', 'd', 'n', 'o', 'b']",8,5,2,"['c', 'v']",0.2857142857142857
dadiva,"['_', 'a', '_', '_', '_', 'a']","['a', 'r', 'c', 't', 'l', 'n']",6,1,4,"['d', 'v', 'i']",0.75
pene,"['_', 'e', '_', 'e']","['a', 'o', 'e', 'l', 'd', 'r']",4,1,2,"['p', 'n']",0.6666666666666666
zombar,"['_', 'o', '_', 'b', 'a', 'r']","['a', 's', 'r', 'i', 'e', 'o', 't', 'b', 'u']",6,4,2,"['z', 'm']",0.3333333333333333
dentucos,"['d', 'e', 'n', '_', '_', '_', 'o', 's']","['a', 'e', 'r', 's', 'i', 'o', 'm', 'd', 'n', 'g']",8,5,3,"['u', 't', 'c']",0.375
pixel,"['_', 'i', '_', 'e', '_']","['a', 'e', 'm', 's', 'i', 'r', 'v']",5,2,3,"['l', 'p', 'x']",0.6
gabaste,"['_', 'a', '_', 'a', 's', 't', 'e']","['a', 's', 'e', 't', 'c', 'r', 'n', 'v', 'p']",7,4,2,"['b', 'g']",0.3333333333333333
pulsaria,"['_', 'u', 'l', '_', 'a', 'r', 'i', 'a']","['a', 'r', 'i', 'e', 'o', 'u', 't', 'l', 'g', 'c']",8,5,2,"['s', 'p']",0.2857142857142857
alagues,"['a', '_', 'a', '_', '_', 'e', 's']","['a', 'r', 'i', 'm', 's', 'e', 't', 'p']",7,3,3,"['l', 'u', 'g']",0.5
molhares,"['m', 'o', 'l', '_', 'a', 'r', 'e', 's']","['a', 'r', 'e', 'i', 's', 'o', 't', 'b', 'l', 'g', 'm', 'd']",8,7,1,['h'],0.125
reinaremo,"['r', 'e', '_', '_', 'a', 'r', 'e', 'm', 'o']","['a', 's', 'r', 'e', 'o', 'm', 'c', 't', 'b', 'g']",9,5,2,"['i', 'n']",0.2857142857142857
amostra,"['a', '_', 'o', '_', '_', 'r', 'a']","['a', 'r', 'i', 'o', 'f', 'd', 'l', 'b']",7,3,3,"['m', 's', 't']",0.5
gotas,"['_', 'o', 't', 'a', 's']","['a', 's', 'r', 'i', 'o', 'c', 't', 'b', 'd']",5,4,1,['g'],0.2
fumaca,"['_', '_', '_', 'a', 'c', 'a']","['a', 'r', 'v', 'd', 'c', 'e', 'l']",6,2,3,"['f', 'u', 'm']",0.6
funil,"['_', 'u', '_', 'i', '_']","['a', 'e', 'o', 'i', 'u', 's', 'r']",5,2,3,"['f', 'l', 'n']",0.6
depilasses,"['d', 'e', '_', '_', 'l', 'a', 's', 's', 'e', 's']","['a', 's', 'e', 'r', 'd', 't', 'l', 'o', 'b', 'g']",10,5,2,"['p', 'i']",0.2857142857142857
anotas,"['a', '_', 'o', 't', 'a', 's']","['a', 'i', 'r', 's', 'l', 'e', 't', 'o', 'd']",6,4,1,['n'],0.2
bafo,"['_', 'a', '_', 'o']","['a', 'o', 'c', 't', 'r', 'g', 'n']",4,2,2,"['f', 'b']",0.5
gorro,"['_', 'o', 'r', 'r', 'o']","['a', 'e', 'o', 'r', 'b', 'c', 'f']",5,2,1,['g'],0.3333333333333333
bater,"['_', 'a', '_', '_', 'r']","['a', 's', 'r', 'l', 'p', 'c', 'v']",5,2,3,"['b', 't', 'e']",0.6
abdica,"['a', 'b', '_', 'i', '_', 'a']","['a', 'r', 'i', 't', 'n', 'l', 'b', 'x']",6,3,2,"['d', 'c']",0.4
deixo,"['_', 'e', 'i', '_', 'o']","['a', 'e', 's', 'r', 'i', 'o', 't', 'b']",5,3,2,"['d', 'x']",0.4
acucaram,"['a', '_', 'u', '_', 'a', 'r', 'a', 'm']","['a', 'r', 'o', 's', 'm', 'i', 'e', 'u', 'l']",8,4,2,['c'],0.2
mudasseis,"['_', '_', '_', 'a', 's', 's', 'e', 'i', 's']","['a', 'e', 's', 'i', 'r', 'c', 'o', 'l', 'n']",9,4,3,"['d', 'm', 'u']",0.42857142857142855
franzo,"['f', 'r', 'a', 'n', '_', 'o']","['a', 'r', 's', 't', 'o', 'n', 'd', 'c', 'f', 'g']",6,5,1,['z'],0.16666666666666666
falastes,"['_', 'a', '_', 'a', 's', 't', 'e', 's']","['a', 's', 'e', 't', 'c', 'r', 'n', 'v', 'p']",8,4,2,"['f', 'l']",0.3333333333333333
foles,"['_', 'o', '_', 'e', 's']","['a', 'e', 'm', 's', 'o', 'c', 't', 'r']",5,3,2,"['f', 'l']",0.4
buscamo,"['_', '_', '_', 'c', 'a', 'm', 'o']","['a', 'o', 'm', 'r', 'i', 'e', 'l', 'c', 'n']",7,4,3,"['b', 's', 'u']",0.42857142857142855
cambia,"['c', 'a', '_', '_', '_', 'a']","['a', 'r', 'c', 'l', 'v', 'n', 'e']",6,2,3,"['m', 'b', 'i']",0.6
defumada,"['d', 'e', '_', '_', '_', 'a', 'd', 'a']","['a', 'r', 'v', 'd', 'e', 't', 's', 'l']",8,3,3,"['f', 'u', 'm']",0.5
meiga,"['_', 'e', 'i', 'g', 'a']","['a', 'r', 'i', 'c', 't', 'e', 'd', 'g', 'l']",5,4,1,['m'],0.2
ouvirem,"['_', 'u', '_', 'i', 'r', 'e', 'm']","['a', 'e', 'i', 'r', 'u', 'm', 'g', 'n', 'b', 'f']",7,5,2,"['v', 'o']",0.2857142857142857
bolariam,"['_', 'o', '_', 'a', 'r', 'i', 'a', 'm']","['a', 'r', 'i', 's', 'm', 'c', 'o', 't', 'd', 'g']",8,5,2,"['l', 'b']",0.2857142857142857
ceies,"['_', 'e', '_', 'e', 's']","['a', 'e', 'm', 's', 'l', 'r', 'd']",5,2,2,"['c', 'i']",0.5
azeita,"['a', '_', 'e', 'i', 't', 'a']","['a', 'r', 'i', 't', 'e', 'c', 'f', 'j', 'l']",6,4,1,['z'],0.2
purgo,"['_', 'u', 'r', '_', 'o']","['a', 'e', 'o', 'i', 'r', 'u', 't', 's']",5,3,2,"['p', 'g']",0.4
bexigas,"['_', '_', '_', 'i', '_', 'a', 's']","['a', 'r', 's', 'i', 'c', 'd', 't', 'n']",7,3,4,"['b', 'g', 'x', 'e']",0.5714285714285714
bufassem,"['_', '_', '_', 'a', 's', 's', 'e', 'm']","['a', 's', 'e', 'm', 'r', 'c', 'i', 'o', 'l']",8,4,3,"['f', 'b', 'u']",0.42857142857142855
banhar,"['_', 'a', 'n', '_', 'a', 'r']","['a', 's', 'r', 't', 'l', 'n', 'm', 'z']",6,3,2,"['b', 'h']",0.4
doida,"['_', '_', 'i', '_', 'a']","['a', 'r', 'i', 'c', 't', 'e', 'n']",5,2,3,"['d', 'o']",0.5
lembres,"['_', 'e', 'm', '_', 'r', 'e', 's']","['a', 'e', 'r', 'm', 'i', 's', 'o', 'f', 'g']",7,4,2,"['l', 'b']",0.3333333333333333
antevejo,"['a', 'n', '_', '_', '_', '_', '_', 'o']","['a', 'r', 's', 'o', 'm', 'd', 'n', 'i']",8,3,5,"['t', 'v', 'j', 'e']",0.5714285714285714
arquem,"['a', 'r', '_', '_', 'e', 'm']","['a', 'e', 'i', 's', 'm', 'r', 'g', 'j', 'p']",6,4,2,"['u', 'q']",0.3333333333333333
peruanas,"['_', '_', 'r', '_', 'a', '_', 'a', 's']","['a', 'r', 's', 'v', 'd', 'c', 'f', 'b']",8,3,4,"['u', 'p', 'n', 'e']",0.5714285714285714
afixarao,"['a', 'f', 'i', '_', 'a', 'r', 'a', 'o']","['a', 'r', 'o', 'i', 't', 'm', 'l', 'v', 'f', 'n']",8,5,1,['x'],0.16666666666666666
lerias,"['_', 'e', 'r', 'i', 'a', 's']","['a', 's', 'r', 'o', 'e', 'c', 'v', 'i', 'f', 'g']",6,5,1,['l'],0.16666666666666666
aposseis,"['a', '_', '_', 's', 's', 'e', 'i', 's']","['a', 'r', 's', 'i', 'e', 'c', 'd', 'g', 'm']",8,4,2,"['p', 'o']",0.3333333333333333
ironizamos,"['_', 'r', 'o', '_', '_', '_', 'a', 'm', 'o', 's']","['a', 'r', 'o', 's', 'm', 'p', 't', 'b', 'd', 'c']",10,5,4,"['z', 'i', 'n']",0.375
galpao,"['_', 'a', '_', '_', 'a', '_']","['a', 's', 'r', 'i', 'm', 'c']",6,1,4,"['l', 'p', 'o', 'g']",0.8
buzinamos,"['_', '_', '_', 'i', '_', 'a', 'm', 'o', 's']","['a', 'r', 's', 'o', 'm', 'e', 'i', 't', 'l', 'd']",9,5,4,"['z', 'b', 'u', 'n']",0.4444444444444444
falemos,"['_', 'a', '_', 'e', 'm', 'o', 's']","['a', 's', 'e', 'm', 'o', 'c', 'r', 'b', 'n', 'v']",7,5,2,"['f', 'l']",0.2857142857142857
ato,"['a', '_', 'o']","['a', 'o', 'c', 'j', 'l', 'm', 'n']",3,2,1,['t'],0.3333333333333333
beicola,"['_', '_', 'i', '_', '_', '_', 'a']","['a', 'r', 'i', 'd', 'v', 'n', 't']",7,2,5,"['b', 'o', 'l', 'c', 'e']",0.7142857142857143
bundai,"['_', '_', 'n', '_', 'a', 'i']","['a', 's', 'r', 'i', 'e', 'n', 'c', 'g']",6,3,3,"['d', 'b', 'u']",0.5
lutava,"['_', '_', '_', 'a', 'v', 'a']","['a', 'r', 'v', 'c', 'i', 'o', 'e']",6,2,3,"['l', 'u', 't']",0.6
alongara,"['a', '_', 'o', '_', '_', 'a', 'r', 'a']","['a', 'r', 'i', 'e', 'o', 't', 'd', 's']",8,3,3,"['l', 'n', 'g']",0.5
fumegardes,"['_', '_', '_', 'e', '_', 'a', 'r', 'd', 'e', 's']","['a', 's', 'e', 'r', 'd', 'l', 'n', 'c', 't', 'p']",10,5,4,"['f', 'u', 'm', 'g']",0.4444444444444444
burlo,"['_', 'u', 'r', '_', 'o']","['a', 'e', 'o', 'i', 'r', 'u', 't', 's']",5,3,2,"['l', 'b']",0.4
